strategy_id,family,category,market,lookback_d,holding_d,weighting,universe,tier,shortable,gross_sharpe,ann_turnover_x,cost_drag_sr,net_cost_sharpe,noise_floor,net_deflated_sharpe,t_naive,t_deflated,survives_95,survives_strict
Commodity multi-fact|commodity_fut|L250|H60|vol_|all,Commodity multi-factor combo,futures,commodity_fut,250,60,vol_scaled,all,A,True,1.559,5.2,0.017,1.542,0.819,0.723,5.34,2.5,True,True
Commodity multi-fact|index_fut|L10|H10|equa|all,Commodity multi-factor combo,futures,index_fut,10,10,equal,all,A,True,1.554,12.7,0.028,1.525,0.819,0.706,5.28,2.45,True,False
Commodity multi-fact|commodity_fut|L20|H60|equa|top300,Commodity multi-factor combo,futures,commodity_fut,20,60,equal,top300,A,True,1.524,5.2,0.017,1.507,0.819,0.688,5.22,2.38,True,False
Commodity multi-fact|commodity_fut|L250|H10|vol_|all,Commodity multi-factor combo,futures,commodity_fut,250,10,vol_scaled,all,A,True,1.543,12.7,0.042,1.501,0.819,0.682,5.2,2.36,True,False
Commodity multi-fact|commodity_fut|L120|H5|equa|liquid_,Commodity multi-factor combo,futures,commodity_fut,120,5,equal,liquid_top50pct,A,True,1.559,18.0,0.06,1.499,0.819,0.68,5.19,2.35,True,False
Commodity multi-fact|commodity_fut|L60|H20|equa|all,Commodity multi-factor combo,futures,commodity_fut,60,20,equal,all,A,True,1.506,9.0,0.03,1.476,0.819,0.657,5.11,2.28,True,False
Commodity multi-fact|index_fut|L250|H10|equa|ex_smal,Commodity multi-factor combo,futures,index_fut,250,10,equal,ex_small30,A,True,1.459,12.7,0.028,1.431,0.819,0.612,4.96,2.12,True,False
Commodity multi-fact|index_fut|L60|H20|vol_|ex_smal,Commodity multi-factor combo,futures,index_fut,60,20,vol_scaled,ex_small30,A,True,1.416,9.0,0.02,1.396,0.819,0.577,4.83,2.0,True,False
Commodity multi-fact|index_fut|L60|H5|equa|all,Commodity multi-factor combo,futures,index_fut,60,5,equal,all,A,True,1.432,18.0,0.04,1.392,0.819,0.573,4.82,1.99,True,False
Commodity multi-fact|index_fut|L10|H10|rank|ex_smal,Commodity multi-factor combo,futures,index_fut,10,10,rank,ex_small30,A,True,1.414,12.7,0.028,1.385,0.819,0.566,4.8,1.96,True,False
Commodity basis-mome|index_fut|L20|H10|vol_|top300,Commodity basis-momentum,futures,index_fut,20,10,vol_scaled,top300,A,True,1.381,11.3,0.025,1.356,0.819,0.537,4.7,1.86,False,False
Commodity basis-mome|commodity_fut|L20|H10|valu|top300,Commodity basis-momentum,futures,commodity_fut,20,10,value,top300,A,True,1.377,11.3,0.038,1.339,0.819,0.52,4.64,1.8,False,False
Commodity basis-mome|commodity_fut|L250|H20|equa|top300,Commodity basis-momentum,futures,commodity_fut,250,20,equal,top300,A,True,1.366,8.0,0.027,1.339,0.819,0.52,4.64,1.8,False,False
Commodity multi-fact|commodity_fut|L60|H5|valu|liquid_,Commodity multi-factor combo,futures,commodity_fut,60,5,value,liquid_top50pct,A,True,1.392,18.0,0.06,1.332,0.819,0.513,4.61,1.78,False,False
Commodity multi-fact|index_fut|L120|H20|equa|liquid_,Commodity multi-factor combo,futures,index_fut,120,20,equal,liquid_top50pct,A,True,1.311,9.0,0.02,1.291,0.819,0.472,4.47,1.63,False,False
Commodity multi-fact|index_fut|L20|H10|equa|ex_smal,Commodity multi-factor combo,futures,index_fut,20,10,equal,ex_small30,A,True,1.309,12.7,0.028,1.281,0.819,0.462,4.44,1.6,False,False
Commodity basis-mome|commodity_fut|L20|H10|equa|top300,Commodity basis-momentum,futures,commodity_fut,20,10,equal,top300,A,True,1.313,11.3,0.038,1.276,0.819,0.457,4.42,1.58,False,False
Commodity multi-fact|commodity_fut|L10|H10|rank|top300,Commodity multi-factor combo,futures,commodity_fut,10,10,rank,top300,A,True,1.307,12.7,0.042,1.264,0.819,0.445,4.38,1.54,False,False
Commodity multi-fact|commodity_fut|L10|H10|valu|ex_smal,Commodity multi-factor combo,futures,commodity_fut,10,10,value,ex_small30,A,True,1.305,12.7,0.042,1.262,0.819,0.443,4.37,1.54,False,False
Commodity multi-fact|index_fut|L120|H60|valu|all,Commodity multi-factor combo,futures,index_fut,120,60,value,all,A,True,1.263,5.2,0.012,1.251,0.819,0.432,4.33,1.5,False,False
Commodity basis-mome|index_fut|L20|H20|vol_|liquid_,Commodity basis-momentum,futures,index_fut,20,20,vol_scaled,liquid_top50pct,A,True,1.249,8.0,0.018,1.231,0.819,0.412,4.26,1.43,False,False
Commodity multi-fact|index_fut|L60|H5|rank|liquid_,Commodity multi-factor combo,futures,index_fut,60,5,rank,liquid_top50pct,A,True,1.269,18.0,0.04,1.229,0.819,0.41,4.26,1.42,False,False
Commodity multi-fact|index_fut|L250|H60|valu|all,Commodity multi-factor combo,futures,index_fut,250,60,value,all,A,True,1.23,5.2,0.012,1.218,0.819,0.399,4.22,1.38,False,False
Commodity multi-fact|commodity_fut|L20|H1|rank|top300,Commodity multi-factor combo,futures,commodity_fut,20,1,rank,top300,A,True,1.352,40.2,0.134,1.218,0.819,0.399,4.22,1.38,False,False
Commodity multi-fact|commodity_fut|L20|H1|vol_|top300,Commodity multi-factor combo,futures,commodity_fut,20,1,vol_scaled,top300,A,True,1.346,40.2,0.134,1.211,0.819,0.392,4.2,1.36,False,False
Commodity basis-mome|index_fut|L120|H20|vol_|all,Commodity basis-momentum,futures,index_fut,120,20,vol_scaled,all,A,True,1.222,8.0,0.018,1.204,0.819,0.385,4.17,1.33,False,False
Commodity basis-mome|commodity_fut|L20|H5|vol_|top300,Commodity basis-momentum,futures,commodity_fut,20,5,vol_scaled,top300,A,True,1.249,16.0,0.053,1.196,0.819,0.377,4.14,1.31,False,False
Commodity multi-fact|commodity_fut|L20|H1|rank|liquid_,Commodity multi-factor combo,futures,commodity_fut,20,1,rank,liquid_top50pct,A,True,1.3,40.2,0.134,1.166,0.819,0.347,4.04,1.2,False,False
Commodity multi-fact|commodity_fut|L20|H5|rank|top300,Commodity multi-factor combo,futures,commodity_fut,20,5,rank,top300,A,True,1.226,18.0,0.06,1.166,0.819,0.347,4.04,1.2,False,False
Commodity multi-fact|index_fut|L60|H1|vol_|liquid_,Commodity multi-factor combo,futures,index_fut,60,1,vol_scaled,liquid_top50pct,A,True,1.248,40.2,0.089,1.159,0.819,0.34,4.01,1.18,False,False
Commodity multi-fact|index_fut|L20|H60|equa|ex_smal,Commodity multi-factor combo,futures,index_fut,20,60,equal,ex_small30,A,True,1.171,5.2,0.012,1.16,0.819,0.34,4.02,1.18,False,False
Commodity basis-mome|index_fut|L5|H20|equa|top300,Commodity basis-momentum,futures,index_fut,5,20,equal,top300,A,True,1.171,8.0,0.018,1.154,0.819,0.334,4.0,1.16,False,False
Commodity multi-fact|index_fut|L20|H10|vol_|ex_smal,Commodity multi-factor combo,futures,index_fut,20,10,vol_scaled,ex_small30,A,True,1.171,12.7,0.028,1.143,0.819,0.324,3.96,1.12,False,False
Commodity curve mome|index_fut|L60|H20|valu|liquid_,Commodity curve momentum,futures,index_fut,60,20,value,liquid_top50pct,A,True,1.153,8.0,0.018,1.135,0.819,0.316,3.93,1.09,False,False
Commodity multi-fact|commodity_fut|L120|H20|rank|liquid_,Commodity multi-factor combo,futures,commodity_fut,120,20,rank,liquid_top50pct,A,True,1.162,9.0,0.03,1.132,0.819,0.313,3.92,1.09,False,False
Commodity curve mome|index_fut|L120|H20|equa|all,Commodity curve momentum,futures,index_fut,120,20,equal,all,A,True,1.148,8.0,0.018,1.13,0.819,0.311,3.91,1.08,False,False
Commodity TS-momentu|index_fut|L120|H10|equa|all,Commodity TS-momentum,futures,index_fut,120,10,equal,all,A,True,1.139,14.1,0.031,1.108,0.819,0.289,3.84,1.0,False,False
Commodity multi-fact|index_fut|L60|H1|rank|all,Commodity multi-factor combo,futures,index_fut,60,1,rank,all,A,True,1.189,40.2,0.089,1.1,0.819,0.281,3.81,0.97,False,False
Commodity basis-mome|index_fut|L5|H5|rank|ex_smal,Commodity basis-momentum,futures,index_fut,5,5,rank,ex_small30,A,True,1.109,16.0,0.036,1.073,0.819,0.254,3.72,0.88,False,False
Short straddle/stran|50ETF_option|L250|H60|rank|ex_smal,Short straddle/strangle (50ETF),options,50ETF_option,250,60,rank,ex_small30,B,True,1.233,13.9,0.162,1.072,0.819,0.253,3.71,0.88,False,False
Commodity basis-mome|index_fut|L20|H20|valu|top300,Commodity basis-momentum,futures,index_fut,20,20,value,top300,A,True,1.089,8.0,0.018,1.071,0.819,0.252,3.71,0.87,False,False
"Value (E/P, CH-3 VMG|HK_equity|L10|H5|valu|liquid_","Value (E/P, CH-3 VMG)",equity_factor,HK_equity,10,5,value,liquid_top50pct,A,True,1.163,8.0,0.098,1.065,0.819,0.246,3.69,0.85,False,False
Commodity basis-mome|commodity_fut|L5|H5|equa|all,Commodity basis-momentum,futures,commodity_fut,5,5,equal,all,A,True,1.116,16.0,0.053,1.063,0.819,0.244,3.68,0.84,False,False
"Value (E/P, CH-3 VMG|A_share|L10|H10|vol_|liquid_","Value (E/P, CH-3 VMG)",equity_factor,A_share,10,10,vol_scaled,liquid_top50pct,A,True,1.118,5.7,0.057,1.061,0.819,0.242,3.68,0.84,False,False
Commodity multi-fact|index_fut|L120|H20|rank|ex_smal,Commodity multi-factor combo,futures,index_fut,120,20,rank,ex_small30,A,True,1.079,9.0,0.02,1.059,0.819,0.239,3.67,0.83,False,False
Commodity multi-fact|index_fut|L20|H10|valu|liquid_,Commodity multi-factor combo,futures,index_fut,20,10,value,liquid_top50pct,A,True,1.085,12.7,0.028,1.057,0.819,0.238,3.66,0.82,False,False
Commodity basis-mome|commodity_fut|L60|H5|vol_|ex_smal,Commodity basis-momentum,futures,commodity_fut,60,5,vol_scaled,ex_small30,A,True,1.106,16.0,0.053,1.053,0.819,0.234,3.65,0.81,False,False
Commodity multi-fact|index_fut|L60|H10|vol_|all,Commodity multi-factor combo,futures,index_fut,60,10,vol_scaled,all,A,True,1.076,12.7,0.028,1.047,0.819,0.228,3.63,0.79,False,False
Commodity curve mome|commodity_fut|L60|H60|vol_|liquid_,Commodity curve momentum,futures,commodity_fut,60,60,vol_scaled,liquid_top50pct,A,True,1.061,4.6,0.015,1.046,0.819,0.227,3.62,0.79,False,False
Commodity XS-momentu|commodity_fut|L120|H20|rank|top300,Commodity XS-momentum,futures,commodity_fut,120,20,rank,top300,A,True,1.078,10.0,0.033,1.045,0.819,0.226,3.62,0.78,False,False
"Value (E/P, CH-3 VMG|A_share|L10|H60|valu|ex_smal","Value (E/P, CH-3 VMG)",equity_factor,A_share,10,60,value,ex_small30,A,True,1.066,2.3,0.023,1.043,0.819,0.224,3.61,0.78,False,False
Commodity XS-momentu|index_fut|L20|H5|valu|all,Commodity XS-momentum,futures,index_fut,20,5,value,all,A,True,1.084,20.0,0.044,1.039,0.819,0.22,3.6,0.76,False,False
Commodity basis-mome|commodity_fut|L10|H10|rank|top300,Commodity basis-momentum,futures,commodity_fut,10,10,rank,top300,A,True,1.077,11.3,0.038,1.039,0.819,0.22,3.6,0.76,False,False
"Value (E/P, CH-3 VMG|HK_equity|L10|H10|vol_|liquid_","Value (E/P, CH-3 VMG)",equity_factor,HK_equity,10,10,vol_scaled,liquid_top50pct,A,True,1.102,5.7,0.069,1.033,0.819,0.214,3.58,0.74,False,False
"Value (E/P, CH-3 VMG|HK_equity|L10|H20|rank|liquid_","Value (E/P, CH-3 VMG)",equity_factor,HK_equity,10,20,rank,liquid_top50pct,A,True,1.082,4.0,0.049,1.033,0.819,0.214,3.58,0.74,False,False
"Value (E/P, CH-3 VMG|HK_equity|L250|H10|valu|liquid_","Value (E/P, CH-3 VMG)",equity_factor,HK_equity,250,10,value,liquid_top50pct,A,True,1.097,5.7,0.069,1.028,0.819,0.209,3.56,0.72,False,False
Short straddle/stran|300ETF_option|L60|H60|equa|liquid_,Short straddle/strangle (50ETF),options,300ETF_option,60,60,equal,liquid_top50pct,B,True,1.178,13.9,0.162,1.016,0.819,0.197,3.52,0.68,False,False
Commodity basis-mome|index_fut|L120|H60|rank|liquid_,Commodity basis-momentum,futures,index_fut,120,60,rank,liquid_top50pct,A,True,1.022,4.6,0.01,1.012,0.819,0.193,3.51,0.67,False,False
Commodity basis-mome|commodity_fut|L5|H60|equa|top300,Commodity basis-momentum,futures,commodity_fut,5,60,equal,top300,A,True,1.022,4.6,0.015,1.007,0.819,0.188,3.49,0.65,False,False
Commodity multi-fact|commodity_fut|L60|H60|rank|all,Commodity multi-factor combo,futures,commodity_fut,60,60,rank,all,A,True,1.025,5.2,0.017,1.008,0.819,0.188,3.49,0.65,False,False
Commodity curve mome|commodity_fut|L60|H60|valu|liquid_,Commodity curve momentum,futures,commodity_fut,60,60,value,liquid_top50pct,A,True,1.022,4.6,0.015,1.007,0.819,0.188,3.49,0.65,False,False
"Value (E/P, CH-3 VMG|A_share|L120|H5|rank|liquid_","Value (E/P, CH-3 VMG)",equity_factor,A_share,120,5,rank,liquid_top50pct,A,True,1.086,8.0,0.08,1.006,0.819,0.186,3.48,0.65,False,False
Commodity XS-momentu|index_fut|L60|H60|rank|all,Commodity XS-momentum,futures,index_fut,60,60,rank,all,A,True,1.011,5.8,0.013,0.998,0.819,0.179,3.46,0.62,False,False
Commodity basis-mome|index_fut|L20|H60|vol_|liquid_,Commodity basis-momentum,futures,index_fut,20,60,vol_scaled,liquid_top50pct,A,True,1.002,4.6,0.01,0.992,0.819,0.172,3.43,0.6,False,False
"Value (E/P, CH-3 VMG|HK_equity|L60|H60|valu|ex_smal","Value (E/P, CH-3 VMG)",equity_factor,HK_equity,60,60,value,ex_small30,A,True,1.017,2.3,0.028,0.989,0.819,0.17,3.43,0.59,False,False
Commodity TS-momentu|commodity_fut|L250|H10|valu|top300,Commodity TS-momentum,futures,commodity_fut,250,10,value,top300,A,True,1.026,14.1,0.047,0.979,0.819,0.16,3.39,0.56,False,False
Short straddle/stran|50ETF_option|L20|H60|vol_|all,Short straddle/strangle (50ETF),options,50ETF_option,20,60,vol_scaled,all,B,True,1.14,13.9,0.162,0.978,0.819,0.159,3.39,0.55,False,False
Options variance ris|50ETF_option|L5|H20|valu|top300,Options variance risk premium,options,50ETF_option,5,20,value,top300,B,True,1.257,24.0,0.28,0.977,0.819,0.158,3.38,0.55,False,False
"Value (E/P, CH-3 VMG|A_share|L20|H20|vol_|all","Value (E/P, CH-3 VMG)",equity_factor,A_share,20,20,vol_scaled,all,A,True,1.015,4.0,0.04,0.975,0.819,0.156,3.38,0.54,False,False
Commodity basis-mome|index_fut|L60|H10|vol_|all,Commodity basis-momentum,futures,index_fut,60,10,vol_scaled,all,A,True,0.999,11.3,0.025,0.974,0.819,0.155,3.37,0.54,False,False
"Value (E/P, CH-3 VMG|HK_equity|L20|H10|rank|all","Value (E/P, CH-3 VMG)",equity_factor,HK_equity,20,10,rank,all,A,True,1.042,5.7,0.069,0.973,0.819,0.154,3.37,0.53,False,False
Commodity TS-momentu|index_fut|L20|H20|rank|liquid_,Commodity TS-momentum,futures,index_fut,20,20,rank,liquid_top50pct,A,True,0.994,10.0,0.022,0.972,0.819,0.152,3.37,0.53,False,False
Commodity TS-momentu|index_fut|L10|H10|vol_|liquid_,Commodity TS-momentum,futures,index_fut,10,10,vol_scaled,liquid_top50pct,A,True,1.001,14.1,0.031,0.97,0.819,0.151,3.36,0.52,False,False
Commodity multi-fact|commodity_fut|L250|H5|rank|all,Commodity multi-factor combo,futures,commodity_fut,250,5,rank,all,A,True,1.02,18.0,0.06,0.96,0.819,0.141,3.33,0.49,False,False
Commodity TS-momentu|commodity_fut|L120|H5|rank|liquid_,Commodity TS-momentum,futures,commodity_fut,120,5,rank,liquid_top50pct,A,True,1.019,20.0,0.067,0.952,0.819,0.133,3.3,0.46,False,False
Commodity multi-fact|commodity_fut|L5|H1|equa|top300,Commodity multi-factor combo,futures,commodity_fut,5,1,equal,top300,A,True,1.084,40.2,0.134,0.95,0.819,0.13,3.29,0.45,False,False
Commodity curve mome|index_fut|L120|H20|rank|liquid_,Commodity curve momentum,futures,index_fut,120,20,rank,liquid_top50pct,A,True,0.964,8.0,0.018,0.946,0.819,0.127,3.28,0.44,False,False
Commodity multi-fact|index_fut|L20|H1|equa|ex_smal,Commodity multi-factor combo,futures,index_fut,20,1,equal,ex_small30,A,True,1.035,40.2,0.089,0.946,0.819,0.127,3.28,0.44,False,False
"Value (E/P, CH-3 VMG|A_share|L120|H20|valu|all","Value (E/P, CH-3 VMG)",equity_factor,A_share,120,20,value,all,A,True,0.984,4.0,0.04,0.944,0.819,0.125,3.27,0.43,False,False
Commodity multi-fact|index_fut|L250|H5|equa|all,Commodity multi-factor combo,futures,index_fut,250,5,equal,all,A,True,0.983,18.0,0.04,0.943,0.819,0.124,3.27,0.43,False,False
Commodity basis-mome|index_fut|L5|H5|rank|top300,Commodity basis-momentum,futures,index_fut,5,5,rank,top300,A,True,0.974,16.0,0.036,0.939,0.819,0.12,3.25,0.41,False,False
Commodity curve mome|index_fut|L120|H5|valu|ex_smal,Commodity curve momentum,futures,index_fut,120,5,value,ex_small30,A,True,0.971,16.0,0.036,0.935,0.819,0.116,3.24,0.4,False,False
ML cross-sectional (|A_share|L10|H60|valu|ex_smal,ML cross-sectional (alpha101),ml_equity,A_share,10,60,value,ex_small30,C,True,1.047,11.5,0.115,0.932,0.819,0.113,3.23,0.39,False,False
Commodity curve mome|commodity_fut|L20|H5|valu|all,Commodity curve momentum,futures,commodity_fut,20,5,value,all,A,True,0.98,16.0,0.053,0.927,0.819,0.107,3.21,0.37,False,False
Commodity XS-momentu|commodity_fut|L10|H60|vol_|ex_smal,Commodity XS-momentum,futures,commodity_fut,10,60,vol_scaled,ex_small30,A,True,0.944,5.8,0.019,0.925,0.819,0.106,3.2,0.37,False,False
Commodity basis-mome|commodity_fut|L5|H20|equa|ex_smal,Commodity basis-momentum,futures,commodity_fut,5,20,equal,ex_small30,A,True,0.949,8.0,0.027,0.922,0.819,0.103,3.19,0.36,False,False
Commodity TS-momentu|index_fut|L10|H20|valu|liquid_,Commodity TS-momentum,futures,index_fut,10,20,value,liquid_top50pct,A,True,0.935,10.0,0.022,0.913,0.819,0.094,3.16,0.33,False,False
Commodity XS-momentu|index_fut|L10|H5|rank|top300,Commodity XS-momentum,futures,index_fut,10,5,rank,top300,A,True,0.952,20.0,0.044,0.908,0.819,0.089,3.15,0.31,False,False
Options variance ris|50ETF_option|L60|H10|equa|top300,Options variance risk premium,options,50ETF_option,60,10,equal,top300,B,True,1.303,33.9,0.396,0.907,0.819,0.088,3.14,0.3,False,False
Commodity TS-momentu|index_fut|L60|H60|vol_|liquid_,Commodity TS-momentum,futures,index_fut,60,60,vol_scaled,liquid_top50pct,A,True,0.92,5.8,0.013,0.907,0.819,0.088,3.14,0.31,False,False
Commodity basis-mome|commodity_fut|L10|H1|valu|liquid_,Commodity basis-momentum,futures,commodity_fut,10,1,value,liquid_top50pct,A,True,1.024,35.8,0.119,0.904,0.819,0.085,3.13,0.3,False,False
Commodity XS-momentu|index_fut|L60|H60|valu|liquid_,Commodity XS-momentum,futures,index_fut,60,60,value,liquid_top50pct,A,True,0.916,5.8,0.013,0.904,0.819,0.084,3.13,0.29,False,False
ML cross-sectional (|A_share|L5|H60|valu|liquid_,ML cross-sectional (alpha101),ml_equity,A_share,5,60,value,liquid_top50pct,C,True,1.016,11.5,0.115,0.901,0.819,0.082,3.12,0.28,False,False
Commodity basis-mome|index_fut|L20|H5|vol_|ex_smal,Commodity basis-momentum,futures,index_fut,20,5,vol_scaled,ex_small30,A,True,0.93,16.0,0.036,0.894,0.819,0.075,3.1,0.26,False,False
Commodity multi-fact|commodity_fut|L60|H10|rank|top300,Commodity multi-factor combo,futures,commodity_fut,60,10,rank,top300,A,True,0.935,12.7,0.042,0.893,0.819,0.074,3.09,0.25,False,False
Commodity basis-mome|commodity_fut|L20|H5|vol_|all,Commodity basis-momentum,futures,commodity_fut,20,5,vol_scaled,all,A,True,0.946,16.0,0.053,0.893,0.819,0.074,3.09,0.25,False,False
Commodity TS-momentu|commodity_fut|L120|H60|equa|ex_smal,Commodity TS-momentum,futures,commodity_fut,120,60,equal,ex_small30,A,True,0.906,5.8,0.019,0.887,0.819,0.068,3.07,0.24,False,False
Commodity TS-momentu|index_fut|L10|H5|vol_|top300,Commodity TS-momentum,futures,index_fut,10,5,vol_scaled,top300,A,True,0.926,20.0,0.044,0.881,0.819,0.062,3.05,0.22,False,False
"Value (E/P, CH-3 VMG|A_share|L120|H60|vol_|ex_smal","Value (E/P, CH-3 VMG)",equity_factor,A_share,120,60,vol_scaled,ex_small30,A,True,0.903,2.3,0.023,0.88,0.819,0.061,3.05,0.21,False,False
Commodity carry/basi|index_fut|L20|H10|valu|all,Commodity carry/basis,futures,index_fut,20,10,value,all,A,True,0.897,8.5,0.019,0.878,0.819,0.059,3.04,0.2,False,False
Mispricing composite|A_share|L120|H60|valu|liquid_,Mispricing composite (SY),equity_factor,A_share,120,60,value,liquid_top50pct,B,False,0.923,4.6,0.046,0.877,0.819,0.058,3.04,0.2,False,False
Commodity multi-fact|index_fut|L10|H5|vol_|all,Commodity multi-factor combo,futures,index_fut,10,5,vol_scaled,all,A,True,0.917,18.0,0.04,0.877,0.819,0.058,3.04,0.2,False,False
Commodity carry/basi|commodity_fut|L60|H60|rank|liquid_,Commodity carry/basis,futures,commodity_fut,60,60,rank,liquid_top50pct,A,True,0.888,3.5,0.012,0.876,0.819,0.057,3.04,0.2,False,False
ML cross-sectional (|HK_equity|L20|H60|rank|liquid_,ML cross-sectional (alpha101),ml_equity,HK_equity,20,60,rank,liquid_top50pct,C,True,1.015,11.5,0.141,0.873,0.819,0.054,3.03,0.19,False,False
Commodity carry/basi|commodity_fut|L10|H20|equa|all,Commodity carry/basis,futures,commodity_fut,10,20,equal,all,A,True,0.893,6.0,0.02,0.873,0.819,0.054,3.03,0.19,False,False
Commodity basis-mome|commodity_fut|L120|H1|equa|liquid_,Commodity basis-momentum,futures,commodity_fut,120,1,equal,liquid_top50pct,A,True,0.992,35.8,0.119,0.873,0.819,0.053,3.02,0.19,False,False
Commodity carry/basi|index_fut|L250|H60|rank|top300,Commodity carry/basis,futures,index_fut,250,60,rank,top300,A,True,0.879,3.5,0.008,0.871,0.819,0.052,3.02,0.18,False,False
Commodity basis-mome|commodity_fut|L5|H10|rank|top300,Commodity basis-momentum,futures,commodity_fut,5,10,rank,top300,A,True,0.906,11.3,0.038,0.868,0.819,0.049,3.01,0.17,False,False
Commodity basis-mome|commodity_fut|L60|H60|rank|liquid_,Commodity basis-momentum,futures,commodity_fut,60,60,rank,liquid_top50pct,A,True,0.882,4.6,0.015,0.867,0.819,0.048,3.0,0.17,False,False
Commodity curve mome|index_fut|L60|H1|vol_|all,Commodity curve momentum,futures,index_fut,60,1,vol_scaled,all,A,True,0.946,35.8,0.08,0.866,0.819,0.047,3.0,0.16,False,False
Mispricing composite|A_share|L120|H60|vol_|ex_smal,Mispricing composite (SY),equity_factor,A_share,120,60,vol_scaled,ex_small30,B,False,0.91,4.6,0.046,0.864,0.819,0.045,2.99,0.15,False,False
Commodity carry/basi|index_fut|L120|H5|rank|liquid_,Commodity carry/basis,futures,index_fut,120,5,rank,liquid_top50pct,A,True,0.887,12.0,0.027,0.86,0.819,0.041,2.98,0.14,False,False
Commodity carry/basi|index_fut|L20|H10|rank|ex_smal,Commodity carry/basis,futures,index_fut,20,10,rank,ex_small30,A,True,0.877,8.5,0.019,0.858,0.819,0.039,2.97,0.14,False,False
Commodity basis-mome|commodity_fut|L60|H5|equa|top300,Commodity basis-momentum,futures,commodity_fut,60,5,equal,top300,A,True,0.907,16.0,0.053,0.854,0.819,0.035,2.96,0.12,False,False
Commodity curve mome|commodity_fut|L250|H60|equa|all,Commodity curve momentum,futures,commodity_fut,250,60,equal,all,A,True,0.867,4.6,0.015,0.852,0.819,0.033,2.95,0.11,False,False
Options variance ris|50ETF_option|L250|H20|valu|all,Options variance risk premium,options,50ETF_option,250,20,value,all,B,True,1.132,24.0,0.28,0.852,0.819,0.033,2.95,0.11,False,False
"Value (E/P, CH-3 VMG|HK_equity|L10|H10|rank|top300","Value (E/P, CH-3 VMG)",equity_factor,HK_equity,10,10,rank,top300,A,True,0.92,5.7,0.069,0.851,0.819,0.032,2.95,0.11,False,False
Commodity TS-momentu|commodity_fut|L250|H20|rank|all,Commodity TS-momentum,futures,commodity_fut,250,20,rank,all,A,True,0.884,10.0,0.033,0.85,0.819,0.031,2.95,0.11,False,False
Commodity basis-mome|index_fut|L20|H1|rank|all,Commodity basis-momentum,futures,index_fut,20,1,rank,all,A,True,0.925,35.8,0.08,0.845,0.819,0.026,2.93,0.09,False,False
Mispricing composite|A_share|L120|H10|rank|ex_smal,Mispricing composite (SY),equity_factor,A_share,120,10,rank,ex_small30,B,False,0.954,11.3,0.113,0.841,0.819,0.022,2.91,0.08,False,False
Commodity curve mome|index_fut|L250|H5|equa|all,Commodity curve momentum,futures,index_fut,250,5,equal,all,A,True,0.865,16.0,0.036,0.83,0.819,0.011,2.87,0.04,False,False
Commodity XS-momentu|commodity_fut|L60|H20|rank|ex_smal,Commodity XS-momentum,futures,commodity_fut,60,20,rank,ex_small30,A,True,0.859,10.0,0.033,0.826,0.819,0.007,2.86,0.02,False,False
Mispricing composite|HK_equity|L120|H20|rank|liquid_,Mispricing composite (SY),equity_factor,HK_equity,120,20,rank,liquid_top50pct,B,False,0.92,8.0,0.098,0.822,0.819,0.003,2.85,0.01,False,False
Commodity TS-momentu|commodity_fut|L60|H20|valu|all,Commodity TS-momentum,futures,commodity_fut,60,20,value,all,A,True,0.845,10.0,0.033,0.812,0.819,-0.007,2.81,-0.03,False,False
ML cross-sectional (|HK_equity|L10|H60|rank|top300,ML cross-sectional (alpha101),ml_equity,HK_equity,10,60,rank,top300,C,True,0.953,11.5,0.141,0.812,0.819,-0.007,2.81,-0.02,False,False
Commodity curve mome|commodity_fut|L20|H20|equa|top300,Commodity curve momentum,futures,commodity_fut,20,20,equal,top300,A,True,0.837,8.0,0.027,0.811,0.819,-0.008,2.81,-0.03,False,False
Commodity XS-momentu|commodity_fut|L10|H60|valu|all,Commodity XS-momentum,futures,commodity_fut,10,60,value,all,A,True,0.827,5.8,0.019,0.808,0.819,-0.011,2.8,-0.04,False,False
Options variance ris|50ETF_option|L120|H20|vol_|all,Options variance risk premium,options,50ETF_option,120,20,vol_scaled,all,B,True,1.084,24.0,0.28,0.804,0.819,-0.015,2.78,-0.05,False,False
Mispricing composite|A_share|L10|H20|valu|liquid_,Mispricing composite (SY),equity_factor,A_share,10,20,value,liquid_top50pct,B,False,0.883,8.0,0.08,0.803,0.819,-0.016,2.78,-0.05,False,False
Index-futures basis |index_fut|L250|H20|valu|liquid_,Index-futures basis (IF/IC),futures,index_fut,250,20,value,liquid_top50pct,B,True,0.828,12.0,0.027,0.801,0.819,-0.018,2.78,-0.06,False,False
Commodity TS-momentu|index_fut|L10|H10|equa|liquid_,Commodity TS-momentum,futures,index_fut,10,10,equal,liquid_top50pct,A,True,0.83,14.1,0.031,0.799,0.819,-0.02,2.77,-0.07,False,False
Commodity carry/basi|commodity_fut|L120|H5|valu|all,Commodity carry/basis,futures,commodity_fut,120,5,value,all,A,True,0.837,12.0,0.04,0.797,0.819,-0.022,2.76,-0.08,False,False
Commodity TS-momentu|commodity_fut|L20|H1|equa|all,Commodity TS-momentum,futures,commodity_fut,20,1,equal,all,A,True,0.941,44.7,0.149,0.792,0.819,-0.027,2.74,-0.09,False,False
Commodity TS-momentu|commodity_fut|L20|H1|rank|all,Commodity TS-momentum,futures,commodity_fut,20,1,rank,all,A,True,0.938,44.7,0.149,0.789,0.819,-0.03,2.73,-0.11,False,False
"Value (E/P, CH-3 VMG|HK_equity|L250|H10|vol_|top300","Value (E/P, CH-3 VMG)",equity_factor,HK_equity,250,10,vol_scaled,top300,A,True,0.856,5.7,0.069,0.787,0.819,-0.032,2.73,-0.11,False,False
Commodity curve mome|commodity_fut|L10|H60|vol_|ex_smal,Commodity curve momentum,futures,commodity_fut,10,60,vol_scaled,ex_small30,A,True,0.803,4.6,0.015,0.787,0.819,-0.032,2.73,-0.11,False,False
Commodity curve mome|commodity_fut|L20|H60|equa|top300,Commodity curve momentum,futures,commodity_fut,20,60,equal,top300,A,True,0.798,4.6,0.015,0.783,0.819,-0.036,2.71,-0.13,False,False
Commodity basis-mome|commodity_fut|L10|H20|vol_|all,Commodity basis-momentum,futures,commodity_fut,10,20,vol_scaled,all,A,True,0.809,8.0,0.027,0.782,0.819,-0.037,2.71,-0.13,False,False
Mispricing composite|HK_equity|L10|H60|vol_|liquid_,Mispricing composite (SY),equity_factor,HK_equity,10,60,vol_scaled,liquid_top50pct,B,False,0.838,4.6,0.056,0.782,0.819,-0.037,2.71,-0.13,False,False
Index-futures basis |commodity_fut|L60|H20|equa|ex_smal,Index-futures basis (IF/IC),futures,commodity_fut,60,20,equal,ex_small30,B,True,0.821,12.0,0.04,0.781,0.819,-0.038,2.7,-0.13,False,False
Commodity TS-momentu|commodity_fut|L120|H60|rank|liquid_,Commodity TS-momentum,futures,commodity_fut,120,60,rank,liquid_top50pct,A,True,0.8,5.8,0.019,0.781,0.819,-0.039,2.7,-0.13,False,False
Commodity TS-momentu|commodity_fut|L250|H60|rank|ex_smal,Commodity TS-momentum,futures,commodity_fut,250,60,rank,ex_small30,A,True,0.796,5.8,0.019,0.776,0.819,-0.043,2.69,-0.15,False,False
Commodity basis-mome|commodity_fut|L250|H5|valu|liquid_,Commodity basis-momentum,futures,commodity_fut,250,5,value,liquid_top50pct,A,True,0.828,16.0,0.053,0.775,0.819,-0.045,2.68,-0.15,False,False
Index-futures basis |commodity_fut|L120|H60|equa|top300,Index-futures basis (IF/IC),futures,commodity_fut,120,60,equal,top300,B,True,0.797,6.9,0.023,0.774,0.819,-0.045,2.68,-0.16,False,False
Mispricing composite|A_share|L10|H20|vol_|ex_smal,Mispricing composite (SY),equity_factor,A_share,10,20,vol_scaled,ex_small30,B,False,0.852,8.0,0.08,0.772,0.819,-0.047,2.67,-0.16,False,False
Commodity XS-momentu|commodity_fut|L250|H5|valu|top300,Commodity XS-momentum,futures,commodity_fut,250,5,value,top300,A,True,0.835,20.0,0.067,0.769,0.819,-0.05,2.66,-0.17,False,False
"Value (E/P, CH-3 VMG|A_share|L10|H1|valu|liquid_","Value (E/P, CH-3 VMG)",equity_factor,A_share,10,1,value,liquid_top50pct,A,True,0.947,17.9,0.179,0.769,0.819,-0.05,2.66,-0.17,False,False
Commodity TS-momentu|commodity_fut|L250|H60|equa|ex_smal,Commodity TS-momentum,futures,commodity_fut,250,60,equal,ex_small30,A,True,0.786,5.8,0.019,0.767,0.819,-0.052,2.66,-0.18,False,False
Commodity XS-momentu|index_fut|L250|H1|vol_|liquid_,Commodity XS-momentum,futures,index_fut,250,1,vol_scaled,liquid_top50pct,A,True,0.866,44.7,0.099,0.767,0.819,-0.053,2.66,-0.18,False,False
Index-futures basis |commodity_fut|L60|H20|vol_|top300,Index-futures basis (IF/IC),futures,commodity_fut,60,20,vol_scaled,top300,B,True,0.803,12.0,0.04,0.763,0.819,-0.056,2.64,-0.19,False,False
Index-futures basis |commodity_fut|L10|H20|valu|top300,Index-futures basis (IF/IC),futures,commodity_fut,10,20,value,top300,B,True,0.803,12.0,0.04,0.763,0.819,-0.056,2.64,-0.19,False,False
Commodity XS-momentu|index_fut|L60|H20|rank|all,Commodity XS-momentum,futures,index_fut,60,20,rank,all,A,True,0.781,10.0,0.022,0.759,0.819,-0.06,2.63,-0.21,False,False
Convertible bond arb|convertible|L60|H20|rank|top300,Convertible bond arbitrage,cross_asset,convertible,60,20,rank,top300,B,True,0.824,8.0,0.067,0.758,0.819,-0.061,2.63,-0.21,False,False
Index-futures basis |index_fut|L20|H20|vol_|top300,Index-futures basis (IF/IC),futures,index_fut,20,20,vol_scaled,top300,B,True,0.782,12.0,0.027,0.756,0.819,-0.063,2.62,-0.22,False,False
Index-futures basis |index_fut|L10|H20|valu|top300,Index-futures basis (IF/IC),futures,index_fut,10,20,value,top300,B,True,0.783,12.0,0.027,0.756,0.819,-0.063,2.62,-0.22,False,False
Commodity XS-momentu|index_fut|L250|H1|rank|ex_smal,Commodity XS-momentum,futures,index_fut,250,1,rank,ex_small30,A,True,0.856,44.7,0.099,0.756,0.819,-0.063,2.62,-0.22,False,False
Mispricing composite|A_share|L10|H20|vol_|liquid_,Mispricing composite (SY),equity_factor,A_share,10,20,vol_scaled,liquid_top50pct,B,False,0.834,8.0,0.08,0.754,0.819,-0.065,2.61,-0.22,False,False
Commodity TS-momentu|index_fut|L10|H5|equa|ex_smal,Commodity TS-momentum,futures,index_fut,10,5,equal,ex_small30,A,True,0.797,20.0,0.044,0.753,0.819,-0.066,2.61,-0.23,False,False
Commodity carry/basi|index_fut|L250|H20|vol_|ex_smal,Commodity carry/basis,futures,index_fut,250,20,vol_scaled,ex_small30,A,True,0.766,6.0,0.013,0.753,0.819,-0.066,2.61,-0.23,False,False
Commodity basis-mome|commodity_fut|L10|H60|rank|top300,Commodity basis-momentum,futures,commodity_fut,10,60,rank,top300,A,True,0.766,4.6,0.015,0.75,0.819,-0.069,2.6,-0.24,False,False
Commodity basis-mome|index_fut|L250|H60|vol_|top300,Commodity basis-momentum,futures,index_fut,250,60,vol_scaled,top300,A,True,0.759,4.6,0.01,0.748,0.819,-0.071,2.59,-0.25,False,False
Commodity multi-fact|commodity_fut|L5|H10|rank|all,Commodity multi-factor combo,futures,commodity_fut,5,10,rank,all,A,True,0.788,12.7,0.042,0.746,0.819,-0.073,2.58,-0.25,False,False
Mispricing composite|HK_equity|L120|H10|valu|all,Mispricing composite (SY),equity_factor,HK_equity,120,10,value,all,B,False,0.882,11.3,0.138,0.743,0.819,-0.076,2.57,-0.26,False,False
Commodity XS-momentu|commodity_fut|L10|H20|rank|liquid_,Commodity XS-momentum,futures,commodity_fut,10,20,rank,liquid_top50pct,A,True,0.776,10.0,0.033,0.742,0.819,-0.077,2.57,-0.27,False,False
Options variance ris|300ETF_option|L10|H10|rank|ex_smal,Options variance risk premium,options,300ETF_option,10,10,rank,ex_small30,B,True,1.137,33.9,0.396,0.741,0.819,-0.078,2.57,-0.27,False,False
Commodity basis-mome|index_fut|L20|H60|valu|ex_smal,Commodity basis-momentum,futures,index_fut,20,60,value,ex_small30,A,True,0.751,4.6,0.01,0.741,0.819,-0.078,2.57,-0.27,False,False
Commodity basis-mome|index_fut|L60|H5|valu|top300,Commodity basis-momentum,futures,index_fut,60,5,value,top300,A,True,0.776,16.0,0.036,0.74,0.819,-0.079,2.56,-0.27,False,False
Mispricing composite|A_share|L5|H20|rank|ex_smal,Mispricing composite (SY),equity_factor,A_share,5,20,rank,ex_small30,B,False,0.819,8.0,0.08,0.739,0.819,-0.081,2.56,-0.28,False,False
Commodity basis-mome|index_fut|L10|H1|vol_|all,Commodity basis-momentum,futures,index_fut,10,1,vol_scaled,all,A,True,0.818,35.8,0.08,0.738,0.819,-0.081,2.56,-0.28,False,False
"Value (E/P, CH-3 VMG|HK_equity|L60|H5|rank|ex_smal","Value (E/P, CH-3 VMG)",equity_factor,HK_equity,60,5,rank,ex_small30,A,True,0.834,8.0,0.098,0.736,0.819,-0.083,2.55,-0.29,False,False
Commodity XS-momentu|commodity_fut|L250|H10|rank|top300,Commodity XS-momentum,futures,commodity_fut,250,10,rank,top300,A,True,0.784,14.1,0.047,0.737,0.819,-0.083,2.55,-0.29,False,False
Commodity XS-momentu|index_fut|L120|H60|rank|ex_smal,Commodity XS-momentum,futures,index_fut,120,60,rank,ex_small30,A,True,0.748,5.8,0.013,0.735,0.819,-0.084,2.55,-0.29,False,False
Commodity multi-fact|index_fut|L60|H1|rank|top300,Commodity multi-factor combo,futures,index_fut,60,1,rank,top300,A,True,0.822,40.2,0.089,0.733,0.819,-0.086,2.54,-0.3,False,False
"Size (CH-3 SMB, ex-s|A_share|L250|H5|vol_|liquid_","Size (CH-3 SMB, ex-shell)",equity_factor,A_share,250,5,vol_scaled,liquid_top50pct,A,True,0.792,6.0,0.06,0.732,0.819,-0.087,2.54,-0.3,False,False
Commodity curve mome|commodity_fut|L250|H5|equa|liquid_,Commodity curve momentum,futures,commodity_fut,250,5,equal,liquid_top50pct,A,True,0.783,16.0,0.053,0.73,0.819,-0.089,2.53,-0.31,False,False
Commodity XS-momentu|commodity_fut|L5|H10|valu|all,Commodity XS-momentum,futures,commodity_fut,5,10,value,all,A,True,0.777,14.1,0.047,0.73,0.819,-0.089,2.53,-0.31,False,False
Short straddle/stran|50ETF_option|L10|H10|vol_|liquid_,Short straddle/strangle (50ETF),options,50ETF_option,10,10,vol_scaled,liquid_top50pct,B,True,1.117,33.9,0.396,0.721,0.819,-0.098,2.5,-0.34,False,False
ML cross-sectional (|A_share|L5|H20|rank|top300,ML cross-sectional (alpha101),ml_equity,A_share,5,20,rank,top300,C,True,0.921,20.0,0.2,0.721,0.819,-0.098,2.5,-0.34,False,False
"Value (E/P, CH-3 VMG|HK_equity|L250|H5|valu|liquid_","Value (E/P, CH-3 VMG)",equity_factor,HK_equity,250,5,value,liquid_top50pct,A,True,0.818,8.0,0.098,0.72,0.819,-0.099,2.5,-0.34,False,False
Options variance ris|300ETF_option|L120|H10|equa|all,Options variance risk premium,options,300ETF_option,120,10,equal,all,B,True,1.114,33.9,0.396,0.718,0.819,-0.101,2.49,-0.35,False,False
Short straddle/stran|300ETF_option|L250|H10|equa|ex_smal,Short straddle/strangle (50ETF),options,300ETF_option,250,10,equal,ex_small30,B,True,1.114,33.9,0.396,0.718,0.819,-0.101,2.49,-0.35,False,False
Commodity curve mome|index_fut|L60|H20|valu|all,Commodity curve momentum,futures,index_fut,60,20,value,all,A,True,0.734,8.0,0.018,0.716,0.819,-0.103,2.48,-0.36,False,False
Commodity XS-momentu|commodity_fut|L20|H1|equa|top300,Commodity XS-momentum,futures,commodity_fut,20,1,equal,top300,A,True,0.86,44.7,0.149,0.711,0.819,-0.108,2.46,-0.37,False,False
Commodity basis-mome|index_fut|L60|H20|equa|ex_smal,Commodity basis-momentum,futures,index_fut,60,20,equal,ex_small30,A,True,0.728,8.0,0.018,0.71,0.819,-0.109,2.46,-0.38,False,False
Commodity carry/basi|commodity_fut|L60|H10|vol_|liquid_,Commodity carry/basis,futures,commodity_fut,60,10,vol_scaled,liquid_top50pct,A,True,0.738,8.5,0.028,0.709,0.819,-0.11,2.46,-0.38,False,False
ML cross-sectional (|HK_equity|L250|H20|equa|top300,ML cross-sectional (alpha101),ml_equity,HK_equity,250,20,equal,top300,C,True,0.953,20.0,0.244,0.709,0.819,-0.11,2.46,-0.38,False,False
Mispricing composite|HK_equity|L250|H5|rank|top300,Mispricing composite (SY),equity_factor,HK_equity,250,5,rank,top300,B,False,0.905,16.0,0.196,0.709,0.819,-0.11,2.46,-0.38,False,False
Commodity TS-momentu|index_fut|L20|H60|rank|top300,Commodity TS-momentum,futures,index_fut,20,60,rank,top300,A,True,0.72,5.8,0.013,0.707,0.819,-0.112,2.45,-0.39,False,False
ML cross-sectional (|A_share|L60|H20|rank|all,ML cross-sectional (alpha101),ml_equity,A_share,60,20,rank,all,C,True,0.903,20.0,0.2,0.703,0.819,-0.116,2.43,-0.4,False,False
Mispricing composite|HK_equity|L5|H60|rank|liquid_,Mispricing composite (SY),equity_factor,HK_equity,5,60,rank,liquid_top50pct,B,False,0.757,4.6,0.056,0.701,0.819,-0.118,2.43,-0.41,False,False
Convertible bond arb|convertible|L60|H60|vol_|top300,Convertible bond arbitrage,cross_asset,convertible,60,60,vol_scaled,top300,B,True,0.738,4.6,0.038,0.699,0.819,-0.12,2.42,-0.42,False,False
Mispricing composite|A_share|L60|H60|valu|all,Mispricing composite (SY),equity_factor,A_share,60,60,value,all,B,False,0.746,4.6,0.046,0.699,0.819,-0.12,2.42,-0.41,False,False
Options variance ris|300ETF_option|L10|H60|valu|top300,Options variance risk premium,options,300ETF_option,10,60,value,top300,B,True,0.859,13.9,0.162,0.698,0.819,-0.121,2.42,-0.42,False,False
Deep RL portfolio|HK_equity|L250|H60|valu|liquid_,Deep RL portfolio,ml_equity,HK_equity,250,60,value,liquid_top50pct,C,True,0.874,14.4,0.176,0.697,0.819,-0.122,2.42,-0.42,False,False
Convertible bond arb|convertible|L250|H10|valu|all,Convertible bond arbitrage,cross_asset,convertible,250,10,value,all,B,True,0.791,11.3,0.094,0.697,0.819,-0.122,2.41,-0.42,False,False
"Value (E/P, CH-3 VMG|HK_equity|L120|H5|equa|top300","Value (E/P, CH-3 VMG)",equity_factor,HK_equity,120,5,equal,top300,A,True,0.794,8.0,0.098,0.696,0.819,-0.123,2.41,-0.43,False,False
Commodity basis-mome|index_fut|L10|H10|equa|liquid_,Commodity basis-momentum,futures,index_fut,10,10,equal,liquid_top50pct,A,True,0.721,11.3,0.025,0.695,0.819,-0.124,2.41,-0.43,False,False
ML cross-sectional (|HK_equity|L5|H60|equa|liquid_,ML cross-sectional (alpha101),ml_equity,HK_equity,5,60,equal,liquid_top50pct,C,True,0.836,11.5,0.141,0.695,0.819,-0.124,2.41,-0.43,False,False
Commodity multi-fact|commodity_fut|L10|H1|equa|liquid_,Commodity multi-factor combo,futures,commodity_fut,10,1,equal,liquid_top50pct,A,True,0.829,40.2,0.134,0.695,0.819,-0.125,2.41,-0.43,False,False
Commodity XS-momentu|commodity_fut|L10|H20|rank|all,Commodity XS-momentum,futures,commodity_fut,10,20,rank,all,A,True,0.727,10.0,0.033,0.694,0.819,-0.125,2.4,-0.43,False,False
Commodity TS-momentu|commodity_fut|L10|H1|equa|top300,Commodity TS-momentum,futures,commodity_fut,10,1,equal,top300,A,True,0.843,44.7,0.149,0.694,0.819,-0.125,2.4,-0.43,False,False
Mispricing composite|A_share|L5|H10|vol_|ex_smal,Mispricing composite (SY),equity_factor,A_share,5,10,vol_scaled,ex_small30,B,False,0.801,11.3,0.113,0.688,0.819,-0.131,2.38,-0.45,False,False
Index-futures basis |commodity_fut|L120|H5|equa|all,Index-futures basis (IF/IC),futures,commodity_fut,120,5,equal,all,B,True,0.768,24.0,0.08,0.688,0.819,-0.131,2.38,-0.45,False,False
Commodity curve mome|commodity_fut|L250|H20|vol_|ex_smal,Commodity curve momentum,futures,commodity_fut,250,20,vol_scaled,ex_small30,A,True,0.714,8.0,0.027,0.687,0.819,-0.132,2.38,-0.46,False,False
"Value (E/P, CH-3 VMG|HK_equity|L20|H10|equa|ex_smal","Value (E/P, CH-3 VMG)",equity_factor,HK_equity,20,10,equal,ex_small30,A,True,0.756,5.7,0.069,0.687,0.819,-0.132,2.38,-0.46,False,False
Commodity multi-fact|commodity_fut|L120|H1|rank|liquid_,Commodity multi-factor combo,futures,commodity_fut,120,1,rank,liquid_top50pct,A,True,0.82,40.2,0.134,0.685,0.819,-0.134,2.37,-0.46,False,False
Options variance ris|50ETF_option|L60|H10|valu|liquid_,Options variance risk premium,options,50ETF_option,60,10,value,liquid_top50pct,B,True,1.079,33.9,0.396,0.683,0.819,-0.136,2.37,-0.47,False,False
"Size (CH-3 SMB, ex-s|HK_equity|L20|H10|rank|liquid_","Size (CH-3 SMB, ex-shell)",equity_factor,HK_equity,20,10,rank,liquid_top50pct,A,True,0.734,4.2,0.052,0.682,0.819,-0.137,2.36,-0.47,False,False
Index-futures basis |index_fut|L60|H60|rank|ex_smal,Index-futures basis (IF/IC),futures,index_fut,60,60,rank,ex_small30,B,True,0.697,6.9,0.015,0.682,0.819,-0.137,2.36,-0.48,False,False
ML cross-sectional (|HK_equity|L250|H20|rank|all,ML cross-sectional (alpha101),ml_equity,HK_equity,250,20,rank,all,C,True,0.927,20.0,0.244,0.682,0.819,-0.137,2.36,-0.47,False,False
"Size (CH-3 SMB, ex-s|HK_equity|L20|H5|rank|all","Size (CH-3 SMB, ex-shell)",equity_factor,HK_equity,20,5,rank,all,A,True,0.754,6.0,0.073,0.681,0.819,-0.138,2.36,-0.48,False,False
Commodity basis-mome|commodity_fut|L120|H5|rank|top300,Commodity basis-momentum,futures,commodity_fut,120,5,rank,top300,A,True,0.731,16.0,0.053,0.677,0.819,-0.142,2.35,-0.49,False,False
Idiosyncratic volati|A_share|L10|H60|valu|ex_smal,Idiosyncratic volatility,equity_factor,A_share,10,60,value,ex_small30,B,False,0.746,6.9,0.069,0.676,0.819,-0.143,2.34,-0.49,False,False
Commodity TS-momentu|commodity_fut|L5|H10|vol_|top300,Commodity TS-momentum,futures,commodity_fut,5,10,vol_scaled,top300,A,True,0.722,14.1,0.047,0.675,0.819,-0.144,2.34,-0.5,False,False
Commodity basis-mome|commodity_fut|L120|H10|valu|all,Commodity basis-momentum,futures,commodity_fut,120,10,value,all,A,True,0.711,11.3,0.038,0.673,0.819,-0.146,2.33,-0.51,False,False
Commodity TS-momentu|index_fut|L5|H5|equa|ex_smal,Commodity TS-momentum,futures,index_fut,5,5,equal,ex_small30,A,True,0.717,20.0,0.044,0.673,0.819,-0.147,2.33,-0.51,False,False
"Value (E/P, CH-3 VMG|HK_equity|L60|H10|valu|all","Value (E/P, CH-3 VMG)",equity_factor,HK_equity,60,10,value,all,A,True,0.74,5.7,0.069,0.671,0.819,-0.148,2.32,-0.51,False,False
Commodity XS-momentu|commodity_fut|L60|H60|rank|ex_smal,Commodity XS-momentum,futures,commodity_fut,60,60,rank,ex_small30,A,True,0.689,5.8,0.019,0.67,0.819,-0.149,2.32,-0.52,False,False
Commodity XS-momentu|index_fut|L20|H5|valu|top300,Commodity XS-momentum,futures,index_fut,20,5,value,top300,A,True,0.715,20.0,0.044,0.67,0.819,-0.149,2.32,-0.52,False,False
Commodity curve mome|index_fut|L120|H5|rank|top300,Commodity curve momentum,futures,index_fut,120,5,rank,top300,A,True,0.702,16.0,0.036,0.667,0.819,-0.152,2.31,-0.53,False,False
Commodity basis-mome|commodity_fut|L60|H10|vol_|top300,Commodity basis-momentum,futures,commodity_fut,60,10,vol_scaled,top300,A,True,0.704,11.3,0.038,0.666,0.819,-0.153,2.31,-0.53,False,False
Commodity basis-mome|commodity_fut|L60|H10|rank|liquid_,Commodity basis-momentum,futures,commodity_fut,60,10,rank,liquid_top50pct,A,True,0.7,11.3,0.038,0.663,0.819,-0.156,2.3,-0.54,False,False
Commodity XS-momentu|index_fut|L60|H1|equa|liquid_,Commodity XS-momentum,futures,index_fut,60,1,equal,liquid_top50pct,A,True,0.758,44.7,0.099,0.659,0.819,-0.16,2.28,-0.56,False,False
Options variance ris|50ETF_option|L250|H60|rank|top300,Options variance risk premium,options,50ETF_option,250,60,rank,top300,B,True,0.821,13.9,0.162,0.659,0.819,-0.16,2.28,-0.55,False,False
"Size (CH-3 SMB, ex-s|A_share|L120|H20|vol_|ex_smal","Size (CH-3 SMB, ex-shell)",equity_factor,A_share,120,20,vol_scaled,ex_small30,A,True,0.687,3.0,0.03,0.657,0.819,-0.162,2.28,-0.56,False,False
"Size (CH-3 SMB, ex-s|A_share|L10|H10|rank|ex_smal","Size (CH-3 SMB, ex-shell)",equity_factor,A_share,10,10,rank,ex_small30,A,True,0.699,4.2,0.042,0.656,0.819,-0.163,2.27,-0.56,False,False
Commodity TS-momentu|commodity_fut|L60|H5|vol_|all,Commodity TS-momentum,futures,commodity_fut,60,5,vol_scaled,all,A,True,0.723,20.0,0.067,0.656,0.819,-0.163,2.27,-0.56,False,False
Commodity carry/basi|commodity_fut|L120|H60|valu|liquid_,Commodity carry/basis,futures,commodity_fut,120,60,value,liquid_top50pct,A,True,0.667,3.5,0.012,0.655,0.819,-0.164,2.27,-0.57,False,False
Index-futures basis |commodity_fut|L60|H10|vol_|top300,Index-futures basis (IF/IC),futures,commodity_fut,60,10,vol_scaled,top300,B,True,0.708,17.0,0.057,0.652,0.819,-0.167,2.26,-0.58,False,False
Commodity curve mome|commodity_fut|L120|H20|vol_|ex_smal,Commodity curve momentum,futures,commodity_fut,120,20,vol_scaled,ex_small30,A,True,0.679,8.0,0.027,0.652,0.819,-0.167,2.26,-0.58,False,False
PCR/skew/VIX market |300ETF_option|L10|H60|valu|top300,PCR/skew/VIX market timing,options,300ETF_option,10,60,value,top300,B,True,0.732,6.9,0.081,0.651,0.819,-0.168,2.26,-0.58,False,False
Convertible bond arb|convertible|L120|H60|vol_|all,Convertible bond arbitrage,cross_asset,convertible,120,60,vol_scaled,all,B,True,0.688,4.6,0.038,0.65,0.819,-0.169,2.25,-0.59,False,False
Commodity hedging pr|index_fut|L250|H60|rank|top300,Commodity hedging pressure,futures,index_fut,250,60,rank,top300,B,True,0.658,3.5,0.008,0.65,0.819,-0.169,2.25,-0.59,False,False
Commodity TS-momentu|index_fut|L5|H10|vol_|top300,Commodity TS-momentum,futures,index_fut,5,10,vol_scaled,top300,A,True,0.68,14.1,0.031,0.648,0.819,-0.171,2.25,-0.59,False,False
Profitability/qualit|HK_equity|L250|H20|rank|top300,Profitability/quality,equity_factor,HK_equity,250,20,rank,top300,A,True,0.697,4.0,0.049,0.648,0.819,-0.171,2.24,-0.59,False,False
Short straddle/stran|50ETF_option|L60|H5|rank|top300,Short straddle/strangle (50ETF),options,50ETF_option,60,5,rank,top300,B,True,1.205,48.0,0.56,0.645,0.819,-0.174,2.23,-0.6,False,False
ML cross-sectional (|HK_equity|L250|H20|equa|all,ML cross-sectional (alpha101),ml_equity,HK_equity,250,20,equal,all,C,True,0.888,20.0,0.244,0.644,0.819,-0.175,2.23,-0.61,False,False
Commodity TS-momentu|index_fut|L60|H60|equa|top300,Commodity TS-momentum,futures,index_fut,60,60,equal,top300,A,True,0.656,5.8,0.013,0.643,0.819,-0.176,2.23,-0.61,False,False
"Value (E/P, CH-3 VMG|A_share|L10|H5|valu|top300","Value (E/P, CH-3 VMG)",equity_factor,A_share,10,5,value,top300,A,True,0.723,8.0,0.08,0.643,0.819,-0.176,2.23,-0.61,False,False
Deep RL portfolio|A_share|L60|H10|rank|top300,Deep RL portfolio,ml_equity,A_share,60,10,rank,top300,C,True,0.994,35.4,0.354,0.641,0.819,-0.179,2.22,-0.62,False,False
Commodity hedging pr|index_fut|L60|H5|vol_|ex_smal,Commodity hedging pressure,futures,index_fut,60,5,vol_scaled,ex_small30,B,True,0.667,12.0,0.027,0.64,0.819,-0.179,2.22,-0.62,False,False
"Size (CH-3 SMB, ex-s|A_share|L20|H20|valu|top300","Size (CH-3 SMB, ex-shell)",equity_factor,A_share,20,20,value,top300,A,True,0.669,3.0,0.03,0.639,0.819,-0.18,2.21,-0.62,False,False
Abnormal turnover|A_share|L20|H60|rank|ex_smal,Abnormal turnover,equity_factor,A_share,20,60,rank,ex_small30,B,False,0.811,17.3,0.173,0.638,0.819,-0.181,2.21,-0.63,False,False
Commodity hedging pr|commodity_fut|L120|H10|vol_|ex_smal,Commodity hedging pressure,futures,commodity_fut,120,10,vol_scaled,ex_small30,B,True,0.663,8.5,0.028,0.635,0.819,-0.184,2.2,-0.64,False,False
Commodity carry/basi|commodity_fut|L250|H60|equa|ex_smal,Commodity carry/basis,futures,commodity_fut,250,60,equal,ex_small30,A,True,0.646,3.5,0.012,0.634,0.819,-0.185,2.2,-0.64,False,False
"Size (CH-3 SMB, ex-s|A_share|L250|H5|rank|all","Size (CH-3 SMB, ex-shell)",equity_factor,A_share,250,5,rank,all,A,True,0.694,6.0,0.06,0.634,0.819,-0.185,2.19,-0.64,False,False
PCR/skew/VIX market |300ETF_option|L250|H60|vol_|top300,PCR/skew/VIX market timing,options,300ETF_option,250,60,vol_scaled,top300,B,True,0.713,6.9,0.081,0.633,0.819,-0.186,2.19,-0.65,False,False
Commodity XS-momentu|commodity_fut|L5|H20|vol_|top300,Commodity XS-momentum,futures,commodity_fut,5,20,vol_scaled,top300,A,True,0.666,10.0,0.033,0.633,0.819,-0.186,2.19,-0.65,False,False
Delta-hedged option |300ETF_option|L10|H60|valu|top300,Delta-hedged option selling,options,300ETF_option,10,60,value,top300,B,True,0.97,28.9,0.337,0.633,0.819,-0.186,2.19,-0.65,False,False
"Value (E/P, CH-3 VMG|A_share|L60|H1|rank|top300","Value (E/P, CH-3 VMG)",equity_factor,A_share,60,1,rank,top300,A,True,0.811,17.9,0.179,0.632,0.819,-0.187,2.19,-0.65,False,False
Commodity curve mome|commodity_fut|L20|H5|equa|liquid_,Commodity curve momentum,futures,commodity_fut,20,5,equal,liquid_top50pct,A,True,0.682,16.0,0.053,0.629,0.819,-0.19,2.18,-0.66,False,False
Profitability/qualit|HK_equity|L120|H20|rank|ex_smal,Profitability/quality,equity_factor,HK_equity,120,20,rank,ex_small30,A,True,0.677,4.0,0.049,0.629,0.819,-0.191,2.18,-0.66,False,False
Mispricing composite|A_share|L120|H60|rank|top300,Mispricing composite (SY),equity_factor,A_share,120,60,rank,top300,B,False,0.674,4.6,0.046,0.628,0.819,-0.191,2.18,-0.66,False,False
Idiosyncratic volati|A_share|L250|H60|equa|top300,Idiosyncratic volatility,equity_factor,A_share,250,60,equal,top300,B,False,0.698,6.9,0.069,0.628,0.819,-0.191,2.18,-0.66,False,False
Commodity curve mome|index_fut|L20|H10|vol_|all,Commodity curve momentum,futures,index_fut,20,10,vol_scaled,all,A,True,0.651,11.3,0.025,0.626,0.819,-0.193,2.17,-0.67,False,False
Commodity curve mome|commodity_fut|L5|H10|vol_|liquid_,Commodity curve momentum,futures,commodity_fut,5,10,vol_scaled,liquid_top50pct,A,True,0.663,11.3,0.038,0.625,0.819,-0.194,2.17,-0.67,False,False
Commodity carry/basi|index_fut|L60|H60|equa|top300,Commodity carry/basis,futures,index_fut,60,60,equal,top300,A,True,0.629,3.5,0.008,0.622,0.819,-0.198,2.15,-0.68,False,False
"Size (CH-3 SMB, ex-s|HK_equity|L5|H60|rank|all","Size (CH-3 SMB, ex-shell)",equity_factor,HK_equity,5,60,rank,all,A,True,0.642,1.7,0.021,0.621,0.819,-0.198,2.15,-0.69,False,False
Commodity hedging pr|index_fut|L120|H10|rank|all,Commodity hedging pressure,futures,index_fut,120,10,rank,all,B,True,0.639,8.5,0.019,0.62,0.819,-0.199,2.15,-0.69,False,False
Commodity TS-momentu|commodity_fut|L20|H1|vol_|liquid_,Commodity TS-momentum,futures,commodity_fut,20,1,vol_scaled,liquid_top50pct,A,True,0.77,44.7,0.149,0.621,0.819,-0.199,2.15,-0.69,False,False
"Size (CH-3 SMB, ex-s|HK_equity|L10|H10|vol_|liquid_","Size (CH-3 SMB, ex-shell)",equity_factor,HK_equity,10,10,vol_scaled,liquid_top50pct,A,True,0.67,4.2,0.052,0.618,0.819,-0.201,2.14,-0.7,False,False
Convertible bond arb|convertible|L20|H60|equa|top300,Convertible bond arbitrage,cross_asset,convertible,20,60,equal,top300,B,True,0.655,4.6,0.038,0.617,0.819,-0.202,2.14,-0.7,False,False
Mispricing composite|HK_equity|L10|H60|valu|ex_smal,Mispricing composite (SY),equity_factor,HK_equity,10,60,value,ex_small30,B,False,0.673,4.6,0.056,0.617,0.819,-0.202,2.14,-0.7,False,False
Idiosyncratic volati|A_share|L10|H60|valu|top300,Idiosyncratic volatility,equity_factor,A_share,10,60,value,top300,B,False,0.684,6.9,0.069,0.615,0.819,-0.204,2.13,-0.71,False,False
Commodity hedging pr|commodity_fut|L60|H20|equa|top300,Commodity hedging pressure,futures,commodity_fut,60,20,equal,top300,B,True,0.635,6.0,0.02,0.615,0.819,-0.204,2.13,-0.71,False,False
Deep RL portfolio|HK_equity|L5|H60|rank|top300,Deep RL portfolio,ml_equity,HK_equity,5,60,rank,top300,C,True,0.789,14.4,0.176,0.613,0.819,-0.206,2.12,-0.71,False,False
Index-futures basis |commodity_fut|L20|H20|valu|liquid_,Index-futures basis (IF/IC),futures,commodity_fut,20,20,value,liquid_top50pct,B,True,0.652,12.0,0.04,0.612,0.819,-0.207,2.12,-0.72,False,False
Index-futures basis |commodity_fut|L10|H60|equa|ex_smal,Index-futures basis (IF/IC),futures,commodity_fut,10,60,equal,ex_small30,B,True,0.635,6.9,0.023,0.612,0.819,-0.207,2.12,-0.72,False,False
Commodity curve mome|index_fut|L5|H20|equa|liquid_,Commodity curve momentum,futures,index_fut,5,20,equal,liquid_top50pct,A,True,0.63,8.0,0.018,0.612,0.819,-0.207,2.12,-0.72,False,False
Mispricing composite|HK_equity|L60|H10|vol_|all,Mispricing composite (SY),equity_factor,HK_equity,60,10,vol_scaled,all,B,False,0.75,11.3,0.138,0.611,0.819,-0.208,2.12,-0.72,False,False
"Value (E/P, CH-3 VMG|A_share|L10|H5|rank|all","Value (E/P, CH-3 VMG)",equity_factor,A_share,10,5,rank,all,A,True,0.691,8.0,0.08,0.611,0.819,-0.208,2.12,-0.72,False,False
Idiosyncratic volati|HK_equity|L20|H60|equa|top300,Idiosyncratic volatility,equity_factor,HK_equity,20,60,equal,top300,B,False,0.694,6.9,0.085,0.61,0.819,-0.209,2.11,-0.73,False,False
Index-futures basis |commodity_fut|L5|H10|vol_|all,Index-futures basis (IF/IC),futures,commodity_fut,5,10,vol_scaled,all,B,True,0.666,17.0,0.057,0.609,0.819,-0.21,2.11,-0.73,False,False
PCR/skew/VIX market |50ETF_option|L10|H20|rank|top300,PCR/skew/VIX market timing,options,50ETF_option,10,20,rank,top300,B,True,0.749,12.0,0.14,0.609,0.819,-0.21,2.11,-0.73,False,False
ML cross-sectional (|HK_equity|L250|H20|vol_|top300,ML cross-sectional (alpha101),ml_equity,HK_equity,250,20,vol_scaled,top300,C,True,0.852,20.0,0.244,0.608,0.819,-0.211,2.11,-0.73,False,False
Options variance ris|50ETF_option|L5|H20|vol_|liquid_,Options variance risk premium,options,50ETF_option,5,20,vol_scaled,liquid_top50pct,B,True,0.889,24.0,0.28,0.609,0.819,-0.211,2.11,-0.73,False,False
Idiosyncratic volati|HK_equity|L20|H20|vol_|top300,Idiosyncratic volatility,equity_factor,HK_equity,20,20,vol_scaled,top300,B,False,0.755,12.0,0.147,0.609,0.819,-0.211,2.11,-0.73,False,False
ML cross-sectional (|A_share|L120|H60|rank|top300,ML cross-sectional (alpha101),ml_equity,A_share,120,60,rank,top300,C,True,0.72,11.5,0.115,0.605,0.819,-0.214,2.1,-0.74,False,False
Options variance ris|50ETF_option|L5|H5|vol_|all,Options variance risk premium,options,50ETF_option,5,5,vol_scaled,all,B,True,1.164,48.0,0.56,0.604,0.819,-0.215,2.09,-0.75,False,False
Delta-hedged option |50ETF_option|L5|H60|rank|top300,Delta-hedged option selling,options,50ETF_option,5,60,rank,top300,B,True,0.941,28.9,0.337,0.604,0.819,-0.215,2.09,-0.75,False,False
Commodity hedging pr|commodity_fut|L60|H20|vol_|top300,Commodity hedging pressure,futures,commodity_fut,60,20,vol_scaled,top300,B,True,0.621,6.0,0.02,0.601,0.819,-0.218,2.08,-0.76,False,False
Convertible bond arb|convertible|L5|H10|equa|ex_smal,Convertible bond arbitrage,cross_asset,convertible,5,10,equal,ex_small30,B,True,0.694,11.3,0.094,0.599,0.819,-0.22,2.08,-0.76,False,False
Profitability/qualit|HK_equity|L60|H60|equa|ex_smal,Profitability/quality,equity_factor,HK_equity,60,60,equal,ex_small30,A,True,0.627,2.3,0.028,0.599,0.819,-0.22,2.07,-0.76,False,False
"Size (CH-3 SMB, ex-s|A_share|L10|H60|rank|all","Size (CH-3 SMB, ex-shell)",equity_factor,A_share,10,60,rank,all,A,True,0.613,1.7,0.017,0.596,0.819,-0.223,2.06,-0.77,False,False
"Size (CH-3 SMB, ex-s|A_share|L120|H5|equa|top300","Size (CH-3 SMB, ex-shell)",equity_factor,A_share,120,5,equal,top300,A,True,0.656,6.0,0.06,0.596,0.819,-0.223,2.06,-0.77,False,False
ML cross-sectional (|A_share|L60|H10|vol_|all,ML cross-sectional (alpha101),ml_equity,A_share,60,10,vol_scaled,all,C,True,0.879,28.3,0.283,0.596,0.819,-0.223,2.07,-0.77,False,False
"Size (CH-3 SMB, ex-s|HK_equity|L60|H5|equa|all","Size (CH-3 SMB, ex-shell)",equity_factor,HK_equity,60,5,equal,all,A,True,0.668,6.0,0.073,0.595,0.819,-0.224,2.06,-0.78,False,False
Commodity curve mome|index_fut|L5|H1|equa|all,Commodity curve momentum,futures,index_fut,5,1,equal,all,A,True,0.674,35.8,0.08,0.595,0.819,-0.224,2.06,-0.78,False,False
Mispricing composite|HK_equity|L20|H10|vol_|liquid_,Mispricing composite (SY),equity_factor,HK_equity,20,10,vol_scaled,liquid_top50pct,B,False,0.733,11.3,0.138,0.595,0.819,-0.225,2.06,-0.78,False,False
Short straddle/stran|50ETF_option|L5|H60|rank|liquid_,Short straddle/strangle (50ETF),options,50ETF_option,5,60,rank,liquid_top50pct,B,True,0.753,13.9,0.162,0.591,0.819,-0.228,2.05,-0.79,False,False
Commodity TS-momentu|commodity_fut|L5|H10|valu|liquid_,Commodity TS-momentum,futures,commodity_fut,5,10,value,liquid_top50pct,A,True,0.638,14.1,0.047,0.591,0.819,-0.228,2.05,-0.79,False,False
ML cross-sectional (|A_share|L250|H20|valu|ex_smal,ML cross-sectional (alpha101),ml_equity,A_share,250,20,value,ex_small30,C,True,0.79,20.0,0.2,0.59,0.819,-0.229,2.04,-0.79,False,False
Short straddle/stran|50ETF_option|L5|H10|valu|liquid_,Short straddle/strangle (50ETF),options,50ETF_option,5,10,value,liquid_top50pct,B,True,0.986,33.9,0.396,0.591,0.819,-0.229,2.05,-0.79,False,False
"Value (E/P, CH-3 VMG|A_share|L20|H10|vol_|all","Value (E/P, CH-3 VMG)",equity_factor,A_share,20,10,vol_scaled,all,A,True,0.645,5.7,0.057,0.588,0.819,-0.231,2.04,-0.8,False,False
Deep RL portfolio|HK_equity|L250|H60|rank|all,Deep RL portfolio,ml_equity,HK_equity,250,60,rank,all,C,True,0.763,14.4,0.176,0.587,0.819,-0.232,2.03,-0.8,False,False
Commodity basis-mome|commodity_fut|L10|H1|valu|top300,Commodity basis-momentum,futures,commodity_fut,10,1,value,top300,A,True,0.704,35.8,0.119,0.585,0.819,-0.234,2.03,-0.81,False,False
Index-futures basis |commodity_fut|L20|H5|vol_|all,Index-futures basis (IF/IC),futures,commodity_fut,20,5,vol_scaled,all,B,True,0.665,24.0,0.08,0.585,0.819,-0.234,2.03,-0.81,False,False
PCR/skew/VIX market |50ETF_option|L10|H60|valu|top300,PCR/skew/VIX market timing,options,50ETF_option,10,60,value,top300,B,True,0.666,6.9,0.081,0.585,0.819,-0.234,2.03,-0.81,False,False
Index-futures basis |commodity_fut|L20|H10|equa|top300,Index-futures basis (IF/IC),futures,commodity_fut,20,10,equal,top300,B,True,0.64,17.0,0.057,0.584,0.819,-0.235,2.02,-0.81,False,False
Mispricing composite|A_share|L120|H20|vol_|top300,Mispricing composite (SY),equity_factor,A_share,120,20,vol_scaled,top300,B,False,0.664,8.0,0.08,0.584,0.819,-0.235,2.02,-0.82,False,False
Commodity carry/basi|index_fut|L5|H10|valu|top300,Commodity carry/basis,futures,index_fut,5,10,value,top300,A,True,0.602,8.5,0.019,0.583,0.819,-0.236,2.02,-0.82,False,False
Deep RL portfolio|A_share|L250|H5|vol_|ex_smal,Deep RL portfolio,ml_equity,A_share,250,5,vol_scaled,ex_small30,C,True,1.082,50.0,0.5,0.582,0.819,-0.237,2.01,-0.82,False,False
Commodity carry/basi|index_fut|L60|H20|vol_|liquid_,Commodity carry/basis,futures,index_fut,60,20,vol_scaled,liquid_top50pct,A,True,0.594,6.0,0.013,0.581,0.819,-0.238,2.01,-0.82,False,False
Commodity TS-momentu|index_fut|L5|H1|equa|ex_smal,Commodity TS-momentum,futures,index_fut,5,1,equal,ex_small30,A,True,0.68,44.7,0.099,0.58,0.819,-0.239,2.01,-0.83,False,False
Idiosyncratic volati|A_share|L120|H20|equa|liquid_,Idiosyncratic volatility,equity_factor,A_share,120,20,equal,liquid_top50pct,B,False,0.7,12.0,0.12,0.58,0.819,-0.239,2.01,-0.83,False,False
Index-futures basis |commodity_fut|L250|H5|equa|liquid_,Index-futures basis (IF/IC),futures,commodity_fut,250,5,equal,liquid_top50pct,B,True,0.659,24.0,0.08,0.579,0.819,-0.24,2.0,-0.83,False,False
Commodity curve mome|index_fut|L250|H1|vol_|ex_smal,Commodity curve momentum,futures,index_fut,250,1,vol_scaled,ex_small30,A,True,0.659,35.8,0.08,0.579,0.819,-0.24,2.01,-0.83,False,False
Commodity basis-mome|index_fut|L5|H10|valu|all,Commodity basis-momentum,futures,index_fut,5,10,value,all,A,True,0.603,11.3,0.025,0.578,0.819,-0.241,2.0,-0.84,False,False
Commodity curve mome|commodity_fut|L5|H60|rank|all,Commodity curve momentum,futures,commodity_fut,5,60,rank,all,A,True,0.591,4.6,0.015,0.576,0.819,-0.243,1.99,-0.84,False,False
ML cross-sectional (|A_share|L5|H20|vol_|ex_smal,ML cross-sectional (alpha101),ml_equity,A_share,5,20,vol_scaled,ex_small30,C,True,0.774,20.0,0.2,0.574,0.819,-0.245,1.99,-0.85,False,False
Mispricing composite|HK_equity|L10|H10|vol_|top300,Mispricing composite (SY),equity_factor,HK_equity,10,10,vol_scaled,top300,B,False,0.711,11.3,0.138,0.573,0.819,-0.246,1.98,-0.85,False,False
Commodity multi-fact|index_fut|L5|H1|vol_|ex_smal,Commodity multi-factor combo,futures,index_fut,5,1,vol_scaled,ex_small30,A,True,0.662,40.2,0.089,0.573,0.819,-0.246,1.98,-0.85,False,False
ML cross-sectional (|A_share|L10|H60|equa|ex_smal,ML cross-sectional (alpha101),ml_equity,A_share,10,60,equal,ex_small30,C,True,0.688,11.5,0.115,0.572,0.819,-0.247,1.98,-0.86,False,False
Profitability/qualit|HK_equity|L120|H20|vol_|all,Profitability/quality,equity_factor,HK_equity,120,20,vol_scaled,all,A,True,0.619,4.0,0.049,0.57,0.819,-0.249,1.97,-0.86,False,False
Profitability/qualit|HK_equity|L60|H60|rank|all,Profitability/quality,equity_factor,HK_equity,60,60,rank,all,A,True,0.599,2.3,0.028,0.57,0.819,-0.249,1.98,-0.86,False,False
Mispricing composite|A_share|L250|H20|rank|liquid_,Mispricing composite (SY),equity_factor,A_share,250,20,rank,liquid_top50pct,B,False,0.648,8.0,0.08,0.568,0.819,-0.251,1.97,-0.87,False,False
Options variance ris|300ETF_option|L250|H60|equa|top300,Options variance risk premium,options,300ETF_option,250,60,equal,top300,B,True,0.73,13.9,0.162,0.568,0.819,-0.251,1.97,-0.87,False,False
Commodity carry/basi|commodity_fut|L60|H5|vol_|ex_smal,Commodity carry/basis,futures,commodity_fut,60,5,vol_scaled,ex_small30,A,True,0.607,12.0,0.04,0.567,0.819,-0.252,1.97,-0.87,False,False
Abnormal turnover|HK_equity|L10|H60|equa|all,Abnormal turnover,equity_factor,HK_equity,10,60,equal,all,B,False,0.779,17.3,0.212,0.567,0.819,-0.252,1.96,-0.87,False,False
Commodity basis-mome|commodity_fut|L250|H10|valu|top300,Commodity basis-momentum,futures,commodity_fut,250,10,value,top300,A,True,0.604,11.3,0.038,0.566,0.819,-0.253,1.96,-0.88,False,False
Commodity basis-mome|index_fut|L250|H20|vol_|all,Commodity basis-momentum,futures,index_fut,250,20,vol_scaled,all,A,True,0.583,8.0,0.018,0.565,0.819,-0.254,1.96,-0.88,False,False
Profitability/qualit|A_share|L250|H60|rank|all,Profitability/quality,equity_factor,A_share,250,60,rank,all,A,True,0.588,2.3,0.023,0.565,0.819,-0.254,1.96,-0.88,False,False
Commodity basis-mome|commodity_fut|L120|H20|vol_|liquid_,Commodity basis-momentum,futures,commodity_fut,120,20,vol_scaled,liquid_top50pct,A,True,0.592,8.0,0.027,0.565,0.819,-0.254,1.96,-0.88,False,False
PCR/skew/VIX market |300ETF_option|L10|H20|vol_|top300,PCR/skew/VIX market timing,options,300ETF_option,10,20,vol_scaled,top300,B,True,0.703,12.0,0.14,0.563,0.819,-0.256,1.95,-0.89,False,False
Profitability/qualit|HK_equity|L60|H60|vol_|ex_smal,Profitability/quality,equity_factor,HK_equity,60,60,vol_scaled,ex_small30,A,True,0.59,2.3,0.028,0.562,0.819,-0.257,1.95,-0.89,False,False
PCR/skew/VIX market |300ETF_option|L250|H20|valu|all,PCR/skew/VIX market timing,options,300ETF_option,250,20,value,all,B,True,0.701,12.0,0.14,0.561,0.819,-0.258,1.94,-0.89,False,False
Idiosyncratic volati|A_share|L20|H60|equa|liquid_,Idiosyncratic volatility,equity_factor,A_share,20,60,equal,liquid_top50pct,B,False,0.628,6.9,0.069,0.559,0.819,-0.26,1.94,-0.9,False,False
"Size (CH-3 SMB, ex-s|A_share|L120|H20|rank|liquid_","Size (CH-3 SMB, ex-shell)",equity_factor,A_share,120,20,rank,liquid_top50pct,A,True,0.588,3.0,0.03,0.558,0.819,-0.261,1.93,-0.9,False,False
"Value (E/P, CH-3 VMG|HK_equity|L20|H1|valu|top300","Value (E/P, CH-3 VMG)",equity_factor,HK_equity,20,1,value,top300,A,True,0.777,17.9,0.219,0.558,0.819,-0.261,1.93,-0.9,False,False
"Size (CH-3 SMB, ex-s|A_share|L5|H60|rank|top300","Size (CH-3 SMB, ex-shell)",equity_factor,A_share,5,60,rank,top300,A,True,0.575,1.7,0.017,0.558,0.819,-0.261,1.93,-0.91,False,False
Short-term reversal|HK_equity|L250|H60|equa|liquid_,Short-term reversal,equity_factor,HK_equity,250,60,equal,liquid_top50pct,B,False,0.837,23.1,0.282,0.555,0.819,-0.264,1.92,-0.92,False,False
Commodity hedging pr|commodity_fut|L20|H60|vol_|ex_smal,Commodity hedging pressure,futures,commodity_fut,20,60,vol_scaled,ex_small30,B,True,0.565,3.5,0.012,0.554,0.819,-0.265,1.92,-0.92,False,False
Convertible bond arb|convertible|L5|H5|vol_|all,Convertible bond arbitrage,cross_asset,convertible,5,5,vol_scaled,all,B,True,0.687,16.0,0.133,0.553,0.819,-0.266,1.92,-0.92,False,False
Commodity hedging pr|commodity_fut|L10|H20|vol_|top300,Commodity hedging pressure,futures,commodity_fut,10,20,vol_scaled,top300,B,True,0.572,6.0,0.02,0.552,0.819,-0.267,1.91,-0.93,False,False
Commodity basis-mome|index_fut|L5|H10|equa|all,Commodity basis-momentum,futures,index_fut,5,10,equal,all,A,True,0.576,11.3,0.025,0.551,0.819,-0.268,1.91,-0.93,False,False
"Value (E/P, CH-3 VMG|A_share|L10|H1|equa|top300","Value (E/P, CH-3 VMG)",equity_factor,A_share,10,1,equal,top300,A,True,0.73,17.9,0.179,0.551,0.819,-0.268,1.91,-0.93,False,False
Idiosyncratic volati|HK_equity|L250|H60|equa|all,Idiosyncratic volatility,equity_factor,HK_equity,250,60,equal,all,B,False,0.636,6.9,0.085,0.551,0.819,-0.268,1.91,-0.93,False,False
PCR/skew/VIX market |50ETF_option|L250|H10|equa|all,PCR/skew/VIX market timing,options,50ETF_option,250,10,equal,all,B,True,0.748,17.0,0.198,0.55,0.819,-0.269,1.91,-0.93,False,False
Mispricing composite|A_share|L10|H10|rank|ex_smal,Mispricing composite (SY),equity_factor,A_share,10,10,rank,ex_small30,B,False,0.663,11.3,0.113,0.549,0.819,-0.27,1.9,-0.93,False,False
Profitability/qualit|A_share|L120|H10|vol_|top300,Profitability/quality,equity_factor,A_share,120,10,vol_scaled,top300,A,True,0.606,5.7,0.057,0.55,0.819,-0.27,1.9,-0.93,False,False
Index-futures basis |commodity_fut|L5|H60|equa|all,Index-futures basis (IF/IC),futures,commodity_fut,5,60,equal,all,B,True,0.57,6.9,0.023,0.547,0.819,-0.273,1.89,-0.94,False,False
Mispricing composite|A_share|L120|H20|vol_|all,Mispricing composite (SY),equity_factor,A_share,120,20,vol_scaled,all,B,False,0.626,8.0,0.08,0.546,0.819,-0.273,1.89,-0.95,False,False
"Size (CH-3 SMB, ex-s|HK_equity|L5|H10|vol_|top300","Size (CH-3 SMB, ex-shell)",equity_factor,HK_equity,5,10,vol_scaled,top300,A,True,0.594,4.2,0.052,0.543,0.819,-0.276,1.88,-0.96,False,False
ML cross-sectional (|A_share|L5|H5|valu|all,ML cross-sectional (alpha101),ml_equity,A_share,5,5,value,all,C,True,0.943,40.0,0.4,0.543,0.819,-0.276,1.88,-0.96,False,False
Commodity hedging pr|commodity_fut|L250|H20|valu|liquid_,Commodity hedging pressure,futures,commodity_fut,250,20,value,liquid_top50pct,B,True,0.56,6.0,0.02,0.54,0.819,-0.279,1.87,-0.97,False,False
"Size (CH-3 SMB, ex-s|A_share|L5|H20|equa|top300","Size (CH-3 SMB, ex-shell)",equity_factor,A_share,5,20,equal,top300,A,True,0.565,3.0,0.03,0.535,0.819,-0.284,1.85,-0.98,False,False
ML cross-sectional (|A_share|L60|H60|rank|liquid_,ML cross-sectional (alpha101),ml_equity,A_share,60,60,rank,liquid_top50pct,C,True,0.65,11.5,0.115,0.534,0.819,-0.285,1.85,-0.99,False,False
Commodity carry/basi|commodity_fut|L60|H5|rank|top300,Commodity carry/basis,futures,commodity_fut,60,5,rank,top300,A,True,0.573,12.0,0.04,0.533,0.819,-0.286,1.85,-0.99,False,False
Commodity curve mome|index_fut|L120|H1|rank|all,Commodity curve momentum,futures,index_fut,120,1,rank,all,A,True,0.612,35.8,0.08,0.532,0.819,-0.287,1.84,-0.99,False,False
Options variance ris|50ETF_option|L250|H20|equa|all,Options variance risk premium,options,50ETF_option,250,20,equal,all,B,True,0.812,24.0,0.28,0.532,0.819,-0.288,1.84,-1.0,False,False
Commodity TS-momentu|commodity_fut|L120|H1|vol_|all,Commodity TS-momentum,futures,commodity_fut,120,1,vol_scaled,all,A,True,0.68,44.7,0.149,0.531,0.819,-0.288,1.84,-1.0,False,False
Mispricing composite|HK_equity|L10|H5|valu|top300,Mispricing composite (SY),equity_factor,HK_equity,10,5,value,top300,B,False,0.726,16.0,0.196,0.531,0.819,-0.288,1.84,-1.0,False,False
ML cross-sectional (|A_share|L120|H20|equa|liquid_,ML cross-sectional (alpha101),ml_equity,A_share,120,20,equal,liquid_top50pct,C,True,0.728,20.0,0.2,0.528,0.819,-0.291,1.83,-1.01,False,False
PCR/skew/VIX market |50ETF_option|L120|H20|rank|top300,PCR/skew/VIX market timing,options,50ETF_option,120,20,rank,top300,B,True,0.666,12.0,0.14,0.526,0.819,-0.293,1.82,-1.01,False,False
Commodity basis-mome|index_fut|L5|H1|rank|liquid_,Commodity basis-momentum,futures,index_fut,5,1,rank,liquid_top50pct,A,True,0.606,35.8,0.08,0.526,0.819,-0.293,1.82,-1.01,False,False
Commodity basis-mome|commodity_fut|L20|H1|valu|all,Commodity basis-momentum,futures,commodity_fut,20,1,value,all,A,True,0.643,35.8,0.119,0.524,0.819,-0.295,1.81,-1.02,False,False
Index-futures basis |index_fut|L250|H10|equa|all,Index-futures basis (IF/IC),futures,index_fut,250,10,equal,all,B,True,0.561,17.0,0.038,0.523,0.819,-0.296,1.81,-1.02,False,False
Index-futures basis |index_fut|L250|H60|rank|all,Index-futures basis (IF/IC),futures,index_fut,250,60,rank,all,B,True,0.539,6.9,0.015,0.523,0.819,-0.296,1.81,-1.02,False,False
ML cross-sectional (|HK_equity|L60|H5|vol_|liquid_,ML cross-sectional (alpha101),ml_equity,HK_equity,60,5,vol_scaled,liquid_top50pct,C,True,1.011,40.0,0.489,0.522,0.819,-0.297,1.81,-1.03,False,False
Deep RL portfolio|A_share|L120|H20|equa|top300,Deep RL portfolio,ml_equity,A_share,120,20,equal,top300,C,True,0.771,25.0,0.25,0.521,0.819,-0.298,1.81,-1.03,False,False
Short straddle/stran|300ETF_option|L10|H10|equa|ex_smal,Short straddle/strangle (50ETF),options,300ETF_option,10,10,equal,ex_small30,B,True,0.917,33.9,0.396,0.521,0.819,-0.298,1.8,-1.03,False,False
Commodity curve mome|commodity_fut|L60|H10|equa|all,Commodity curve momentum,futures,commodity_fut,60,10,equal,all,A,True,0.557,11.3,0.038,0.52,0.819,-0.299,1.8,-1.04,False,False
"Size (CH-3 SMB, ex-s|A_share|L120|H60|equa|top300","Size (CH-3 SMB, ex-shell)",equity_factor,A_share,120,60,equal,top300,A,True,0.535,1.7,0.017,0.518,0.819,-0.301,1.79,-1.04,False,False
"Size (CH-3 SMB, ex-s|A_share|L20|H20|vol_|top300","Size (CH-3 SMB, ex-shell)",equity_factor,A_share,20,20,vol_scaled,top300,A,True,0.548,3.0,0.03,0.518,0.819,-0.302,1.79,-1.04,False,False
Mispricing composite|HK_equity|L20|H60|equa|all,Mispricing composite (SY),equity_factor,HK_equity,20,60,equal,all,B,False,0.573,4.6,0.056,0.516,0.819,-0.303,1.79,-1.05,False,False
Commodity basis-mome|index_fut|L10|H1|equa|ex_smal,Commodity basis-momentum,futures,index_fut,10,1,equal,ex_small30,A,True,0.594,35.8,0.08,0.515,0.819,-0.304,1.78,-1.05,False,False
Commodity XS-momentu|commodity_fut|L250|H10|valu|all,Commodity XS-momentum,futures,commodity_fut,250,10,value,all,A,True,0.562,14.1,0.047,0.515,0.819,-0.304,1.78,-1.05,False,False
Mispricing composite|A_share|L10|H10|rank|top300,Mispricing composite (SY),equity_factor,A_share,10,10,rank,top300,B,False,0.627,11.3,0.113,0.514,0.819,-0.305,1.78,-1.06,False,False
PCR/skew/VIX market |50ETF_option|L60|H60|rank|top300,PCR/skew/VIX market timing,options,50ETF_option,60,60,rank,top300,B,True,0.589,6.9,0.081,0.508,0.819,-0.311,1.76,-1.08,False,False
Commodity TS-momentu|commodity_fut|L20|H5|equa|all,Commodity TS-momentum,futures,commodity_fut,20,5,equal,all,A,True,0.575,20.0,0.067,0.508,0.819,-0.311,1.76,-1.08,False,False
Idiosyncratic volati|HK_equity|L120|H60|valu|ex_smal,Idiosyncratic volatility,equity_factor,HK_equity,120,60,value,ex_small30,B,False,0.593,6.9,0.085,0.508,0.819,-0.311,1.76,-1.08,False,False
Commodity carry/basi|index_fut|L250|H60|valu|liquid_,Commodity carry/basis,futures,index_fut,250,60,value,liquid_top50pct,A,True,0.513,3.5,0.008,0.505,0.819,-0.314,1.75,-1.09,False,False
Earnings surprise (P|A_share|L20|H10|valu|ex_smal,Earnings surprise (PEAD),equity_factor,A_share,20,10,value,ex_small30,B,True,0.675,17.0,0.17,0.505,0.819,-0.314,1.75,-1.09,False,False
Commodity XS-momentu|commodity_fut|L5|H1|valu|top300,Commodity XS-momentum,futures,commodity_fut,5,1,value,top300,A,True,0.653,44.7,0.149,0.504,0.819,-0.315,1.75,-1.09,False,False
Commodity XS-momentu|index_fut|L60|H5|equa|all,Commodity XS-momentum,futures,index_fut,60,5,equal,all,A,True,0.549,20.0,0.044,0.504,0.819,-0.315,1.75,-1.09,False,False
Mispricing composite|A_share|L20|H10|equa|ex_smal,Mispricing composite (SY),equity_factor,A_share,20,10,equal,ex_small30,B,False,0.616,11.3,0.113,0.503,0.819,-0.316,1.74,-1.09,False,False
Commodity carry/basi|commodity_fut|L250|H5|valu|all,Commodity carry/basis,futures,commodity_fut,250,5,value,all,A,True,0.543,12.0,0.04,0.503,0.819,-0.316,1.74,-1.1,False,False
Commodity hedging pr|index_fut|L20|H10|rank|top300,Commodity hedging pressure,futures,index_fut,20,10,rank,top300,B,True,0.521,8.5,0.019,0.502,0.819,-0.317,1.74,-1.1,False,False
Index-futures basis |commodity_fut|L10|H10|rank|all,Index-futures basis (IF/IC),futures,commodity_fut,10,10,rank,all,B,True,0.556,17.0,0.057,0.5,0.819,-0.319,1.73,-1.11,False,False
Short-term reversal|HK_equity|L120|H60|valu|ex_smal,Short-term reversal,equity_factor,HK_equity,120,60,value,ex_small30,B,False,0.783,23.1,0.282,0.5,0.819,-0.319,1.73,-1.1,False,False
Deep RL portfolio|A_share|L20|H5|vol_|liquid_,Deep RL portfolio,ml_equity,A_share,20,5,vol_scaled,liquid_top50pct,C,True,0.999,50.0,0.5,0.499,0.819,-0.32,1.73,-1.11,False,False
Short-term reversal|A_share|L120|H20|equa|top300,Short-term reversal,equity_factor,A_share,120,20,equal,top300,B,False,0.898,40.0,0.4,0.498,0.819,-0.321,1.73,-1.11,False,False
Commodity XS-momentu|index_fut|L60|H1|vol_|liquid_,Commodity XS-momentum,futures,index_fut,60,1,vol_scaled,liquid_top50pct,A,True,0.594,44.7,0.099,0.495,0.819,-0.324,1.71,-1.12,False,False
Index-futures basis |index_fut|L120|H60|valu|ex_smal,Index-futures basis (IF/IC),futures,index_fut,120,60,value,ex_small30,B,True,0.511,6.9,0.015,0.496,0.819,-0.324,1.72,-1.12,False,False
Index-futures basis |index_fut|L5|H20|equa|liquid_,Index-futures basis (IF/IC),futures,index_fut,5,20,equal,liquid_top50pct,B,True,0.521,12.0,0.027,0.494,0.819,-0.325,1.71,-1.13,False,False
Abnormal turnover|A_share|L5|H60|valu|top300,Abnormal turnover,equity_factor,A_share,5,60,value,top300,B,False,0.667,17.3,0.173,0.494,0.819,-0.325,1.71,-1.13,False,False
"Size (CH-3 SMB, ex-s|HK_equity|L120|H20|rank|all","Size (CH-3 SMB, ex-shell)",equity_factor,HK_equity,120,20,rank,all,A,True,0.53,3.0,0.037,0.493,0.819,-0.326,1.71,-1.13,False,False
PCR/skew/VIX market |300ETF_option|L20|H10|valu|top300,PCR/skew/VIX market timing,options,300ETF_option,20,10,value,top300,B,True,0.69,17.0,0.198,0.492,0.819,-0.327,1.71,-1.13,False,False
Index-futures basis |index_fut|L5|H10|rank|ex_smal,Index-futures basis (IF/IC),futures,index_fut,5,10,rank,ex_small30,B,True,0.529,17.0,0.038,0.491,0.819,-0.328,1.7,-1.13,False,False
"Value (E/P, CH-3 VMG|A_share|L5|H1|equa|all","Value (E/P, CH-3 VMG)",equity_factor,A_share,5,1,equal,all,A,True,0.669,17.9,0.179,0.49,0.819,-0.329,1.7,-1.14,False,False
Mispricing composite|HK_equity|L60|H10|equa|top300,Mispricing composite (SY),equity_factor,HK_equity,60,10,equal,top300,B,False,0.627,11.3,0.138,0.489,0.819,-0.33,1.69,-1.14,False,False
Short straddle/stran|50ETF_option|L5|H5|rank|ex_smal,Short straddle/strangle (50ETF),options,50ETF_option,5,5,rank,ex_small30,B,True,1.049,48.0,0.56,0.489,0.819,-0.33,1.69,-1.14,False,False
"Value (E/P, CH-3 VMG|HK_equity|L5|H1|valu|all","Value (E/P, CH-3 VMG)",equity_factor,HK_equity,5,1,value,all,A,True,0.706,17.9,0.219,0.487,0.819,-0.332,1.69,-1.15,False,False
ML cross-sectional (|HK_equity|L250|H10|equa|all,ML cross-sectional (alpha101),ml_equity,HK_equity,250,10,equal,all,C,True,0.833,28.3,0.346,0.487,0.819,-0.332,1.69,-1.15,False,False
ML cross-sectional (|HK_equity|L60|H5|equa|liquid_,ML cross-sectional (alpha101),ml_equity,HK_equity,60,5,equal,liquid_top50pct,C,True,0.976,40.0,0.489,0.487,0.819,-0.332,1.69,-1.15,False,False
Mispricing composite|A_share|L60|H10|rank|ex_smal,Mispricing composite (SY),equity_factor,A_share,60,10,rank,ex_small30,B,False,0.599,11.3,0.113,0.486,0.819,-0.333,1.68,-1.15,False,False
PCR/skew/VIX market |300ETF_option|L20|H20|valu|all,PCR/skew/VIX market timing,options,300ETF_option,20,20,value,all,B,True,0.625,12.0,0.14,0.485,0.819,-0.334,1.68,-1.16,False,False
"Size (CH-3 SMB, ex-s|A_share|L5|H20|rank|top300","Size (CH-3 SMB, ex-shell)",equity_factor,A_share,5,20,rank,top300,A,True,0.514,3.0,0.03,0.484,0.819,-0.335,1.68,-1.16,False,False
"Size (CH-3 SMB, ex-s|A_share|L20|H1|valu|ex_smal","Size (CH-3 SMB, ex-shell)",equity_factor,A_share,20,1,value,ex_small30,A,True,0.618,13.4,0.134,0.484,0.819,-0.335,1.68,-1.16,False,False
Index-futures basis |index_fut|L120|H10|vol_|top300,Index-futures basis (IF/IC),futures,index_fut,120,10,vol_scaled,top300,B,True,0.521,17.0,0.038,0.483,0.819,-0.336,1.67,-1.16,False,False
PCR/skew/VIX market |300ETF_option|L5|H20|equa|liquid_,PCR/skew/VIX market timing,options,300ETF_option,5,20,equal,liquid_top50pct,B,True,0.622,12.0,0.14,0.482,0.819,-0.337,1.67,-1.17,False,False
"Size (CH-3 SMB, ex-s|HK_equity|L60|H5|rank|all","Size (CH-3 SMB, ex-shell)",equity_factor,HK_equity,60,5,rank,all,A,True,0.555,6.0,0.073,0.482,0.819,-0.337,1.67,-1.17,False,False
ML cross-sectional (|HK_equity|L10|H20|equa|liquid_,ML cross-sectional (alpha101),ml_equity,HK_equity,10,20,equal,liquid_top50pct,C,True,0.725,20.0,0.244,0.481,0.819,-0.338,1.67,-1.17,False,False
Convertible bond arb|convertible|L10|H5|equa|top300,Convertible bond arbitrage,cross_asset,convertible,10,5,equal,top300,B,True,0.612,16.0,0.133,0.478,0.819,-0.341,1.66,-1.18,False,False
PCR/skew/VIX market |50ETF_option|L20|H5|valu|ex_smal,PCR/skew/VIX market timing,options,50ETF_option,20,5,value,ex_small30,B,True,0.757,24.0,0.28,0.477,0.819,-0.342,1.65,-1.19,False,False
Commodity carry/basi|index_fut|L5|H5|equa|liquid_,Commodity carry/basis,futures,index_fut,5,5,equal,liquid_top50pct,A,True,0.503,12.0,0.027,0.477,0.819,-0.342,1.65,-1.19,False,False
Short-term reversal|A_share|L20|H10|rank|top300,Short-term reversal,equity_factor,A_share,20,10,rank,top300,B,False,1.04,56.6,0.566,0.475,0.819,-0.344,1.64,-1.19,False,False
Short-term reversal|HK_equity|L5|H60|equa|liquid_,Short-term reversal,equity_factor,HK_equity,5,60,equal,liquid_top50pct,B,False,0.756,23.1,0.282,0.474,0.819,-0.345,1.64,-1.2,False,False
Commodity hedging pr|commodity_fut|L250|H10|vol_|liquid_,Commodity hedging pressure,futures,commodity_fut,250,10,vol_scaled,liquid_top50pct,B,True,0.502,8.5,0.028,0.473,0.819,-0.346,1.64,-1.2,False,False
"Size (CH-3 SMB, ex-s|HK_equity|L250|H10|valu|liquid_","Size (CH-3 SMB, ex-shell)",equity_factor,HK_equity,250,10,value,liquid_top50pct,A,True,0.524,4.2,0.052,0.472,0.819,-0.347,1.63,-1.2,False,False
Earnings surprise (P|HK_equity|L250|H20|vol_|all,Earnings surprise (PEAD),equity_factor,HK_equity,250,20,vol_scaled,all,B,True,0.618,12.0,0.147,0.471,0.819,-0.348,1.63,-1.21,False,False
Mispricing composite|HK_equity|L20|H20|valu|ex_smal,Mispricing composite (SY),equity_factor,HK_equity,20,20,value,ex_small30,B,False,0.568,8.0,0.098,0.471,0.819,-0.348,1.63,-1.21,False,False
Commodity hedging pr|commodity_fut|L5|H5|valu|top300,Commodity hedging pressure,futures,commodity_fut,5,5,value,top300,B,True,0.51,12.0,0.04,0.47,0.819,-0.349,1.63,-1.21,False,False
Commodity hedging pr|index_fut|L5|H60|rank|ex_smal,Commodity hedging pressure,futures,index_fut,5,60,rank,ex_small30,B,True,0.478,3.5,0.008,0.47,0.819,-0.349,1.63,-1.21,False,False
"Size (CH-3 SMB, ex-s|A_share|L60|H20|equa|top300","Size (CH-3 SMB, ex-shell)",equity_factor,A_share,60,20,equal,top300,A,True,0.494,3.0,0.03,0.464,0.819,-0.355,1.61,-1.23,False,False
Commodity TS-momentu|commodity_fut|L250|H10|valu|all,Commodity TS-momentum,futures,commodity_fut,250,10,value,all,A,True,0.51,14.1,0.047,0.463,0.819,-0.356,1.61,-1.23,False,False
Mispricing composite|HK_equity|L60|H5|equa|all,Mispricing composite (SY),equity_factor,HK_equity,60,5,equal,all,B,False,0.657,16.0,0.196,0.461,0.819,-0.358,1.6,-1.24,False,False
Mispricing composite|A_share|L60|H10|valu|all,Mispricing composite (SY),equity_factor,A_share,60,10,value,all,B,False,0.57,11.3,0.113,0.457,0.819,-0.362,1.58,-1.26,False,False
Commodity carry/basi|index_fut|L120|H1|rank|ex_smal,Commodity carry/basis,futures,index_fut,120,1,rank,ex_small30,A,True,0.517,26.8,0.06,0.457,0.819,-0.362,1.58,-1.25,False,False
Abnormal turnover|A_share|L120|H60|valu|all,Abnormal turnover,equity_factor,A_share,120,60,value,all,B,False,0.63,17.3,0.173,0.457,0.819,-0.362,1.58,-1.26,False,False
Convertible bond arb|convertible|L20|H20|vol_|top300,Convertible bond arbitrage,cross_asset,convertible,20,20,vol_scaled,top300,B,True,0.523,8.0,0.067,0.456,0.819,-0.363,1.58,-1.26,False,False
"Size (CH-3 SMB, ex-s|HK_equity|L10|H5|valu|ex_smal","Size (CH-3 SMB, ex-shell)",equity_factor,HK_equity,10,5,value,ex_small30,A,True,0.53,6.0,0.073,0.456,0.819,-0.363,1.58,-1.26,False,False
Profitability/qualit|HK_equity|L5|H10|rank|liquid_,Profitability/quality,equity_factor,HK_equity,5,10,rank,liquid_top50pct,A,True,0.523,5.7,0.069,0.454,0.819,-0.365,1.57,-1.26,False,False
Index-futures basis |index_fut|L60|H1|vol_|ex_smal,Index-futures basis (IF/IC),futures,index_fut,60,1,vol_scaled,ex_small30,B,True,0.571,53.7,0.119,0.452,0.819,-0.367,1.57,-1.27,False,False
Profitability/qualit|A_share|L10|H5|equa|top300,Profitability/quality,equity_factor,A_share,10,5,equal,top300,A,True,0.532,8.0,0.08,0.452,0.819,-0.367,1.56,-1.27,False,False
Idiosyncratic volati|A_share|L250|H20|equa|top300,Idiosyncratic volatility,equity_factor,A_share,250,20,equal,top300,B,False,0.571,12.0,0.12,0.451,0.819,-0.368,1.56,-1.28,False,False
PCR/skew/VIX market |50ETF_option|L60|H20|valu|liquid_,PCR/skew/VIX market timing,options,50ETF_option,60,20,value,liquid_top50pct,B,True,0.59,12.0,0.14,0.45,0.819,-0.369,1.56,-1.28,False,False
"Value (E/P, CH-3 VMG|HK_equity|L10|H1|equa|liquid_","Value (E/P, CH-3 VMG)",equity_factor,HK_equity,10,1,equal,liquid_top50pct,A,True,0.668,17.9,0.219,0.45,0.819,-0.369,1.56,-1.28,False,False
Options variance ris|50ETF_option|L120|H20|rank|all,Options variance risk premium,options,50ETF_option,120,20,rank,all,B,True,0.729,24.0,0.28,0.449,0.819,-0.37,1.56,-1.28,False,False
A-H premium converge|AH_pair|L5|H20|valu|ex_smal,A-H premium convergence,cross_border,AH_pair,5,20,value,ex_small30,C,False,0.548,6.0,0.1,0.448,0.819,-0.371,1.55,-1.28,False,False
Mispricing composite|A_share|L20|H5|valu|top300,Mispricing composite (SY),equity_factor,A_share,20,5,value,top300,B,False,0.608,16.0,0.16,0.448,0.819,-0.371,1.55,-1.29,False,False
Index-futures basis |commodity_fut|L120|H10|rank|liquid_,Index-futures basis (IF/IC),futures,commodity_fut,120,10,rank,liquid_top50pct,B,True,0.503,17.0,0.057,0.446,0.819,-0.373,1.54,-1.29,False,False
Earnings surprise (P|A_share|L250|H60|valu|top300,Earnings surprise (PEAD),equity_factor,A_share,250,60,value,top300,B,True,0.514,6.9,0.069,0.444,0.819,-0.375,1.54,-1.3,False,False
"Size (CH-3 SMB, ex-s|A_share|L120|H10|valu|all","Size (CH-3 SMB, ex-shell)",equity_factor,A_share,120,10,value,all,A,True,0.487,4.2,0.042,0.444,0.819,-0.375,1.54,-1.3,False,False
Idiosyncratic volati|A_share|L5|H60|valu|ex_smal,Idiosyncratic volatility,equity_factor,A_share,5,60,value,ex_small30,B,False,0.512,6.9,0.069,0.443,0.819,-0.376,1.54,-1.3,False,False
Profitability/qualit|A_share|L120|H60|rank|liquid_,Profitability/quality,equity_factor,A_share,120,60,rank,liquid_top50pct,A,True,0.465,2.3,0.023,0.442,0.819,-0.377,1.53,-1.31,False,False
Earnings surprise (P|A_share|L5|H20|vol_|ex_smal,Earnings surprise (PEAD),equity_factor,A_share,5,20,vol_scaled,ex_small30,B,True,0.562,12.0,0.12,0.442,0.819,-0.377,1.53,-1.31,False,False
"Size (CH-3 SMB, ex-s|HK_equity|L5|H10|valu|ex_smal","Size (CH-3 SMB, ex-shell)",equity_factor,HK_equity,5,10,value,ex_small30,A,True,0.493,4.2,0.052,0.441,0.819,-0.378,1.53,-1.31,False,False
Idiosyncratic volati|A_share|L120|H5|vol_|liquid_,Idiosyncratic volatility,equity_factor,A_share,120,5,vol_scaled,liquid_top50pct,B,False,0.68,24.0,0.24,0.44,0.819,-0.38,1.52,-1.31,False,False
Convertible bond arb|convertible|L250|H5|rank|ex_smal,Convertible bond arbitrage,cross_asset,convertible,250,5,rank,ex_small30,B,True,0.57,16.0,0.133,0.437,0.819,-0.382,1.51,-1.32,False,False
PCR/skew/VIX market |50ETF_option|L20|H60|equa|top300,PCR/skew/VIX market timing,options,50ETF_option,20,60,equal,top300,B,True,0.517,6.9,0.081,0.436,0.819,-0.383,1.51,-1.33,False,False
Profitability/qualit|A_share|L20|H10|rank|ex_smal,Profitability/quality,equity_factor,A_share,20,10,rank,ex_small30,A,True,0.492,5.7,0.057,0.436,0.819,-0.384,1.51,-1.33,False,False
"Value (E/P, CH-3 VMG|HK_equity|L20|H1|valu|all","Value (E/P, CH-3 VMG)",equity_factor,HK_equity,20,1,value,all,A,True,0.652,17.9,0.219,0.434,0.819,-0.385,1.5,-1.34,False,False
Mispricing composite|A_share|L120|H10|vol_|all,Mispricing composite (SY),equity_factor,A_share,120,10,vol_scaled,all,B,False,0.545,11.3,0.113,0.432,0.819,-0.387,1.5,-1.34,False,False
Short straddle/stran|300ETF_option|L60|H20|rank|liquid_,Short straddle/strangle (50ETF),options,300ETF_option,60,20,rank,liquid_top50pct,B,True,0.71,24.0,0.28,0.43,0.819,-0.389,1.49,-1.35,False,False
ML cross-sectional (|A_share|L5|H5|vol_|ex_smal,ML cross-sectional (alpha101),ml_equity,A_share,5,5,vol_scaled,ex_small30,C,True,0.83,40.0,0.4,0.43,0.819,-0.389,1.49,-1.35,False,False
Commodity hedging pr|commodity_fut|L5|H60|equa|all,Commodity hedging pressure,futures,commodity_fut,5,60,equal,all,B,True,0.441,3.5,0.012,0.43,0.819,-0.389,1.49,-1.35,False,False
Commodity carry/basi|commodity_fut|L5|H60|rank|top300,Commodity carry/basis,futures,commodity_fut,5,60,rank,top300,A,True,0.442,3.5,0.012,0.43,0.819,-0.389,1.49,-1.35,False,False
Index-futures basis |index_fut|L10|H5|valu|all,Index-futures basis (IF/IC),futures,index_fut,10,5,value,all,B,True,0.481,24.0,0.053,0.428,0.819,-0.391,1.48,-1.35,False,False
Commodity carry/basi|index_fut|L5|H60|rank|liquid_,Commodity carry/basis,futures,index_fut,5,60,rank,liquid_top50pct,A,True,0.434,3.5,0.008,0.427,0.819,-0.392,1.48,-1.36,False,False
Earnings surprise (P|A_share|L5|H60|rank|ex_smal,Earnings surprise (PEAD),equity_factor,A_share,5,60,rank,ex_small30,B,True,0.496,6.9,0.069,0.427,0.819,-0.392,1.48,-1.36,False,False
Commodity XS-momentu|index_fut|L250|H60|rank|top300,Commodity XS-momentum,futures,index_fut,250,60,rank,top300,A,True,0.439,5.8,0.013,0.426,0.819,-0.393,1.48,-1.36,False,False
Commodity hedging pr|commodity_fut|L60|H60|rank|liquid_,Commodity hedging pressure,futures,commodity_fut,60,60,rank,liquid_top50pct,B,True,0.437,3.5,0.012,0.426,0.819,-0.393,1.47,-1.36,False,False
Short straddle/stran|300ETF_option|L60|H20|equa|all,Short straddle/strangle (50ETF),options,300ETF_option,60,20,equal,all,B,True,0.705,24.0,0.28,0.425,0.819,-0.394,1.47,-1.37,False,False
Profitability/qualit|HK_equity|L10|H5|equa|top300,Profitability/quality,equity_factor,HK_equity,10,5,equal,top300,A,True,0.523,8.0,0.098,0.426,0.819,-0.394,1.47,-1.36,False,False
Abnormal turnover|HK_equity|L250|H20|valu|all,Abnormal turnover,equity_factor,HK_equity,250,20,value,all,B,False,0.792,30.0,0.367,0.425,0.819,-0.394,1.47,-1.37,False,False
Index-futures basis |commodity_fut|L250|H20|vol_|ex_smal,Index-futures basis (IF/IC),futures,commodity_fut,250,20,vol_scaled,ex_small30,B,True,0.464,12.0,0.04,0.424,0.819,-0.395,1.47,-1.37,False,False
Commodity hedging pr|commodity_fut|L5|H60|vol_|top300,Commodity hedging pressure,futures,commodity_fut,5,60,vol_scaled,top300,B,True,0.434,3.5,0.012,0.422,0.819,-0.397,1.46,-1.38,False,False
Commodity hedging pr|commodity_fut|L120|H60|valu|liquid_,Commodity hedging pressure,futures,commodity_fut,120,60,value,liquid_top50pct,B,True,0.433,3.5,0.012,0.421,0.819,-0.398,1.46,-1.38,False,False
Commodity hedging pr|commodity_fut|L120|H1|valu|all,Commodity hedging pressure,futures,commodity_fut,120,1,value,all,B,True,0.511,26.8,0.089,0.421,0.819,-0.398,1.46,-1.38,False,False
Commodity TS-momentu|index_fut|L5|H5|vol_|all,Commodity TS-momentum,futures,index_fut,5,5,vol_scaled,all,A,True,0.465,20.0,0.044,0.421,0.819,-0.399,1.46,-1.38,False,False
Short-term reversal|HK_equity|L120|H10|valu|ex_smal,Short-term reversal,equity_factor,HK_equity,120,10,value,ex_small30,B,False,1.112,56.6,0.691,0.42,0.819,-0.399,1.46,-1.38,False,False
PCR/skew/VIX market |300ETF_option|L250|H5|vol_|liquid_,PCR/skew/VIX market timing,options,300ETF_option,250,5,vol_scaled,liquid_top50pct,B,True,0.7,24.0,0.28,0.42,0.819,-0.4,1.45,-1.38,False,False
Investment/asset gro|HK_equity|L60|H60|rank|all,Investment/asset growth,equity_factor,HK_equity,60,60,rank,all,B,True,0.447,2.3,0.028,0.419,0.819,-0.401,1.45,-1.39,False,False
ML cross-sectional (|HK_equity|L10|H5|equa|ex_smal,ML cross-sectional (alpha101),ml_equity,HK_equity,10,5,equal,ex_small30,C,True,0.903,40.0,0.489,0.414,0.819,-0.405,1.44,-1.4,False,False
Index-futures basis |index_fut|L10|H1|equa|top300,Index-futures basis (IF/IC),futures,index_fut,10,1,equal,top300,B,True,0.531,53.7,0.119,0.412,0.819,-0.407,1.43,-1.41,False,False
Earnings surprise (P|HK_equity|L250|H60|equa|top300,Earnings surprise (PEAD),equity_factor,HK_equity,250,60,equal,top300,B,True,0.496,6.9,0.085,0.411,0.819,-0.408,1.42,-1.41,False,False
Short-term reversal|A_share|L20|H20|equa|ex_smal,Short-term reversal,equity_factor,A_share,20,20,equal,ex_small30,B,False,0.81,40.0,0.4,0.41,0.819,-0.409,1.42,-1.42,False,False
Short-term reversal|A_share|L5|H20|vol_|all,Short-term reversal,equity_factor,A_share,5,20,vol_scaled,all,B,False,0.81,40.0,0.4,0.41,0.819,-0.409,1.42,-1.42,False,False
Commodity XS-momentu|index_fut|L20|H10|vol_|liquid_,Commodity XS-momentum,futures,index_fut,20,10,vol_scaled,liquid_top50pct,A,True,0.441,14.1,0.031,0.409,0.819,-0.41,1.42,-1.42,False,False
Commodity curve mome|index_fut|L5|H10|rank|liquid_,Commodity curve momentum,futures,index_fut,5,10,rank,liquid_top50pct,A,True,0.432,11.3,0.025,0.407,0.819,-0.412,1.41,-1.43,False,False
Commodity hedging pr|index_fut|L10|H20|rank|top300,Commodity hedging pressure,futures,index_fut,10,20,rank,top300,B,True,0.421,6.0,0.013,0.407,0.819,-0.412,1.41,-1.43,False,False
A-H premium converge|AH_pair|L60|H60|valu|all,A-H premium convergence,cross_border,AH_pair,60,60,value,all,C,False,0.464,3.5,0.058,0.406,0.819,-0.413,1.41,-1.43,False,False
Commodity hedging pr|commodity_fut|L20|H60|valu|top300,Commodity hedging pressure,futures,commodity_fut,20,60,value,top300,B,True,0.418,3.5,0.012,0.406,0.819,-0.413,1.41,-1.43,False,False
Delta-hedged option |50ETF_option|L60|H60|rank|all,Delta-hedged option selling,options,50ETF_option,60,60,rank,all,B,True,0.74,28.9,0.337,0.403,0.819,-0.416,1.4,-1.44,False,False
Earnings surprise (P|HK_equity|L120|H20|vol_|all,Earnings surprise (PEAD),equity_factor,HK_equity,120,20,vol_scaled,all,B,True,0.549,12.0,0.147,0.403,0.819,-0.416,1.39,-1.44,False,False
PCR/skew/VIX market |300ETF_option|L250|H20|equa|liquid_,PCR/skew/VIX market timing,options,300ETF_option,250,20,equal,liquid_top50pct,B,True,0.542,12.0,0.14,0.402,0.819,-0.417,1.39,-1.44,False,False
"Size (CH-3 SMB, ex-s|HK_equity|L20|H1|valu|ex_smal","Size (CH-3 SMB, ex-shell)",equity_factor,HK_equity,20,1,value,ex_small30,A,True,0.565,13.4,0.164,0.401,0.819,-0.418,1.39,-1.45,False,False
"Size (CH-3 SMB, ex-s|HK_equity|L120|H1|equa|liquid_","Size (CH-3 SMB, ex-shell)",equity_factor,HK_equity,120,1,equal,liquid_top50pct,A,True,0.565,13.4,0.164,0.401,0.819,-0.418,1.39,-1.45,False,False
Abnormal turnover|A_share|L10|H20|valu|top300,Abnormal turnover,equity_factor,A_share,10,20,value,top300,B,False,0.7,30.0,0.3,0.4,0.819,-0.419,1.39,-1.45,False,False
"Size (CH-3 SMB, ex-s|A_share|L120|H20|vol_|all","Size (CH-3 SMB, ex-shell)",equity_factor,A_share,120,20,vol_scaled,all,A,True,0.43,3.0,0.03,0.4,0.819,-0.419,1.39,-1.45,False,False
Idiosyncratic volati|A_share|L5|H60|rank|ex_smal,Idiosyncratic volatility,equity_factor,A_share,5,60,rank,ex_small30,B,False,0.468,6.9,0.069,0.399,0.819,-0.42,1.38,-1.46,False,False
Index-futures basis |commodity_fut|L250|H10|rank|ex_smal,Index-futures basis (IF/IC),futures,commodity_fut,250,10,rank,ex_small30,B,True,0.455,17.0,0.057,0.398,0.819,-0.421,1.38,-1.46,False,False
Profitability/qualit|HK_equity|L250|H60|valu|all,Profitability/quality,equity_factor,HK_equity,250,60,value,all,A,True,0.426,2.3,0.028,0.398,0.819,-0.421,1.38,-1.46,False,False
Options variance ris|300ETF_option|L60|H5|equa|ex_smal,Options variance risk premium,options,300ETF_option,60,5,equal,ex_small30,B,True,0.957,48.0,0.56,0.397,0.819,-0.422,1.38,-1.46,False,False
Index-futures basis |commodity_fut|L120|H1|vol_|top300,Index-futures basis (IF/IC),futures,commodity_fut,120,1,vol_scaled,top300,B,True,0.575,53.7,0.179,0.396,0.819,-0.423,1.37,-1.46,False,False
Abnormal turnover|A_share|L20|H60|equa|liquid_,Abnormal turnover,equity_factor,A_share,20,60,equal,liquid_top50pct,B,False,0.569,17.3,0.173,0.396,0.819,-0.423,1.37,-1.47,False,False
ML cross-sectional (|A_share|L5|H60|equa|all,ML cross-sectional (alpha101),ml_equity,A_share,5,60,equal,all,C,True,0.51,11.5,0.115,0.395,0.819,-0.424,1.37,-1.47,False,False
Idiosyncratic volati|HK_equity|L5|H60|valu|top300,Idiosyncratic volatility,equity_factor,HK_equity,5,60,value,top300,B,False,0.48,6.9,0.085,0.395,0.819,-0.424,1.37,-1.47,False,False
Index-futures basis |commodity_fut|L250|H5|vol_|liquid_,Index-futures basis (IF/IC),futures,commodity_fut,250,5,vol_scaled,liquid_top50pct,B,True,0.473,24.0,0.08,0.393,0.819,-0.426,1.36,-1.48,False,False
"Size (CH-3 SMB, ex-s|HK_equity|L250|H5|vol_|top300","Size (CH-3 SMB, ex-shell)",equity_factor,HK_equity,250,5,vol_scaled,top300,A,True,0.466,6.0,0.073,0.393,0.819,-0.426,1.36,-1.48,False,False
Commodity hedging pr|commodity_fut|L120|H60|rank|ex_smal,Commodity hedging pressure,futures,commodity_fut,120,60,rank,ex_small30,B,True,0.403,3.5,0.012,0.391,0.819,-0.428,1.36,-1.48,False,False
Options variance ris|50ETF_option|L250|H60|vol_|all,Options variance risk premium,options,50ETF_option,250,60,vol_scaled,all,B,True,0.552,13.9,0.162,0.391,0.819,-0.428,1.35,-1.48,False,False
Commodity hedging pr|commodity_fut|L5|H10|valu|liquid_,Commodity hedging pressure,futures,commodity_fut,5,10,value,liquid_top50pct,B,True,0.417,8.5,0.028,0.389,0.819,-0.43,1.35,-1.49,False,False
Commodity carry/basi|index_fut|L10|H5|vol_|top300,Commodity carry/basis,futures,index_fut,10,5,vol_scaled,top300,A,True,0.413,12.0,0.027,0.387,0.819,-0.432,1.34,-1.5,False,False
Options variance ris|300ETF_option|L60|H20|vol_|liquid_,Options variance risk premium,options,300ETF_option,60,20,vol_scaled,liquid_top50pct,B,True,0.667,24.0,0.28,0.387,0.819,-0.432,1.34,-1.5,False,False
Mispricing composite|HK_equity|L5|H20|valu|top300,Mispricing composite (SY),equity_factor,HK_equity,5,20,value,top300,B,False,0.484,8.0,0.098,0.386,0.819,-0.433,1.34,-1.5,False,False
Short straddle/stran|300ETF_option|L20|H10|vol_|ex_smal,Short straddle/strangle (50ETF),options,300ETF_option,20,10,vol_scaled,ex_small30,B,True,0.781,33.9,0.396,0.385,0.819,-0.434,1.33,-1.5,False,False
Short straddle/stran|300ETF_option|L20|H60|valu|all,Short straddle/strangle (50ETF),options,300ETF_option,20,60,value,all,B,True,0.544,13.9,0.162,0.382,0.819,-0.437,1.32,-1.51,False,False
Profitability/qualit|A_share|L120|H60|vol_|all,Profitability/quality,equity_factor,A_share,120,60,vol_scaled,all,A,True,0.404,2.3,0.023,0.381,0.819,-0.439,1.32,-1.52,False,False
Abnormal turnover|HK_equity|L10|H60|valu|top300,Abnormal turnover,equity_factor,HK_equity,10,60,value,top300,B,False,0.591,17.3,0.212,0.379,0.819,-0.44,1.31,-1.53,False,False
"Size (CH-3 SMB, ex-s|HK_equity|L250|H1|valu|all","Size (CH-3 SMB, ex-shell)",equity_factor,HK_equity,250,1,value,all,A,True,0.544,13.4,0.164,0.38,0.819,-0.44,1.31,-1.52,False,False
Index-futures basis |index_fut|L20|H1|equa|top300,Index-futures basis (IF/IC),futures,index_fut,20,1,equal,top300,B,True,0.496,53.7,0.119,0.377,0.819,-0.442,1.31,-1.53,False,False
"Size (CH-3 SMB, ex-s|HK_equity|L20|H1|equa|all","Size (CH-3 SMB, ex-shell)",equity_factor,HK_equity,20,1,equal,all,A,True,0.541,13.4,0.164,0.377,0.819,-0.442,1.31,-1.53,False,False
Mispricing composite|A_share|L120|H1|rank|liquid_,Mispricing composite (SY),equity_factor,A_share,120,1,rank,liquid_top50pct,B,False,0.733,35.8,0.358,0.375,0.819,-0.444,1.3,-1.54,False,False
Idiosyncratic volati|HK_equity|L60|H10|rank|all,Idiosyncratic volatility,equity_factor,HK_equity,60,10,rank,all,B,False,0.582,17.0,0.207,0.375,0.819,-0.444,1.3,-1.54,False,False
Commodity hedging pr|index_fut|L5|H20|equa|top300,Commodity hedging pressure,futures,index_fut,5,20,equal,top300,B,True,0.388,6.0,0.013,0.375,0.819,-0.445,1.3,-1.54,False,False
Index-futures basis |index_fut|L20|H5|vol_|liquid_,Index-futures basis (IF/IC),futures,index_fut,20,5,vol_scaled,liquid_top50pct,B,True,0.426,24.0,0.053,0.373,0.819,-0.446,1.29,-1.55,False,False
"Size (CH-3 SMB, ex-s|A_share|L250|H5|vol_|all","Size (CH-3 SMB, ex-shell)",equity_factor,A_share,250,5,vol_scaled,all,A,True,0.43,6.0,0.06,0.37,0.819,-0.449,1.28,-1.56,False,False
Commodity XS-momentu|commodity_fut|L120|H10|equa|liquid_,Commodity XS-momentum,futures,commodity_fut,120,10,equal,liquid_top50pct,A,True,0.416,14.1,0.047,0.369,0.819,-0.45,1.28,-1.56,False,False
Abnormal turnover|A_share|L250|H60|rank|liquid_,Abnormal turnover,equity_factor,A_share,250,60,rank,liquid_top50pct,B,False,0.542,17.3,0.173,0.369,0.819,-0.45,1.28,-1.56,False,False
Commodity curve mome|commodity_fut|L250|H1|vol_|liquid_,Commodity curve momentum,futures,commodity_fut,250,1,vol_scaled,liquid_top50pct,A,True,0.487,35.8,0.119,0.368,0.819,-0.451,1.27,-1.56,False,False
Profitability/qualit|HK_equity|L5|H20|equa|ex_smal,Profitability/quality,equity_factor,HK_equity,5,20,equal,ex_small30,A,True,0.416,4.0,0.049,0.367,0.819,-0.452,1.27,-1.56,False,False
Options variance ris|50ETF_option|L120|H60|valu|all,Options variance risk premium,options,50ETF_option,120,60,value,all,B,True,0.529,13.9,0.162,0.367,0.819,-0.452,1.27,-1.57,False,False
Commodity hedging pr|index_fut|L120|H20|rank|top300,Commodity hedging pressure,futures,index_fut,120,20,rank,top300,B,True,0.379,6.0,0.013,0.366,0.819,-0.453,1.27,-1.57,False,False
Earnings surprise (P|HK_equity|L20|H60|rank|all,Earnings surprise (PEAD),equity_factor,HK_equity,20,60,rank,all,B,True,0.451,6.9,0.085,0.366,0.819,-0.453,1.27,-1.57,False,False
Deep RL portfolio|A_share|L120|H20|vol_|top300,Deep RL portfolio,ml_equity,A_share,120,20,vol_scaled,top300,C,True,0.616,25.0,0.25,0.366,0.819,-0.453,1.27,-1.57,False,False
ML cross-sectional (|A_share|L250|H5|equa|liquid_,ML cross-sectional (alpha101),ml_equity,A_share,250,5,equal,liquid_top50pct,C,True,0.765,40.0,0.4,0.365,0.819,-0.454,1.27,-1.57,False,False
Idiosyncratic volati|A_share|L120|H60|vol_|all,Idiosyncratic volatility,equity_factor,A_share,120,60,vol_scaled,all,B,False,0.433,6.9,0.069,0.364,0.819,-0.455,1.26,-1.58,False,False
"Size (CH-3 SMB, ex-s|HK_equity|L250|H1|equa|all","Size (CH-3 SMB, ex-shell)",equity_factor,HK_equity,250,1,equal,all,A,True,0.528,13.4,0.164,0.364,0.819,-0.455,1.26,-1.58,False,False
Commodity carry/basi|index_fut|L120|H5|rank|all,Commodity carry/basis,futures,index_fut,120,5,rank,all,A,True,0.39,12.0,0.027,0.364,0.819,-0.455,1.26,-1.58,False,False
"Size (CH-3 SMB, ex-s|HK_equity|L60|H10|valu|liquid_","Size (CH-3 SMB, ex-shell)",equity_factor,HK_equity,60,10,value,liquid_top50pct,A,True,0.416,4.2,0.052,0.364,0.819,-0.455,1.26,-1.58,False,False
Index-futures basis |index_fut|L250|H10|equa|liquid_,Index-futures basis (IF/IC),futures,index_fut,250,10,equal,liquid_top50pct,B,True,0.399,17.0,0.038,0.361,0.819,-0.458,1.25,-1.59,False,False
A-H premium converge|AH_pair|L120|H60|equa|all,A-H premium convergence,cross_border,AH_pair,120,60,equal,all,C,False,0.418,3.5,0.058,0.361,0.819,-0.458,1.25,-1.59,False,False
Profitability/qualit|HK_equity|L250|H1|vol_|ex_smal,Profitability/quality,equity_factor,HK_equity,250,1,vol_scaled,ex_small30,A,True,0.579,17.9,0.219,0.361,0.819,-0.458,1.25,-1.59,False,False
"Size (CH-3 SMB, ex-s|HK_equity|L60|H10|rank|top300","Size (CH-3 SMB, ex-shell)",equity_factor,HK_equity,60,10,rank,top300,A,True,0.413,4.2,0.052,0.361,0.819,-0.458,1.25,-1.59,False,False
Idiosyncratic volati|HK_equity|L10|H20|vol_|top300,Idiosyncratic volatility,equity_factor,HK_equity,10,20,vol_scaled,top300,B,False,0.507,12.0,0.147,0.36,0.819,-0.459,1.25,-1.59,False,False
Investment/asset gro|HK_equity|L20|H10|equa|ex_smal,Investment/asset growth,equity_factor,HK_equity,20,10,equal,ex_small30,B,True,0.429,5.7,0.069,0.36,0.819,-0.459,1.25,-1.59,False,False
ML cross-sectional (|HK_equity|L20|H10|rank|liquid_,ML cross-sectional (alpha101),ml_equity,HK_equity,20,10,rank,liquid_top50pct,C,True,0.705,28.3,0.346,0.359,0.819,-0.46,1.24,-1.59,False,False
Commodity XS-momentu|commodity_fut|L20|H1|equa|ex_smal,Commodity XS-momentum,futures,commodity_fut,20,1,equal,ex_small30,A,True,0.505,44.7,0.149,0.356,0.819,-0.463,1.23,-1.61,False,False
Commodity TS-momentu|commodity_fut|L5|H1|rank|all,Commodity TS-momentum,futures,commodity_fut,5,1,rank,all,A,True,0.504,44.7,0.149,0.355,0.819,-0.464,1.23,-1.61,False,False
Profitability/qualit|HK_equity|L60|H60|vol_|top300,Profitability/quality,equity_factor,HK_equity,60,60,vol_scaled,top300,A,True,0.382,2.3,0.028,0.354,0.819,-0.465,1.23,-1.61,False,False
Commodity hedging pr|commodity_fut|L250|H1|equa|all,Commodity hedging pressure,futures,commodity_fut,250,1,equal,all,B,True,0.443,26.8,0.089,0.353,0.819,-0.466,1.22,-1.61,False,False
Commodity hedging pr|commodity_fut|L10|H1|equa|top300,Commodity hedging pressure,futures,commodity_fut,10,1,equal,top300,B,True,0.443,26.8,0.089,0.353,0.819,-0.466,1.22,-1.61,False,False
Earnings surprise (P|A_share|L10|H10|valu|liquid_,Earnings surprise (PEAD),equity_factor,A_share,10,10,value,liquid_top50pct,B,True,0.522,17.0,0.17,0.353,0.819,-0.467,1.22,-1.62,False,False
Analyst revisions|A_share|L20|H20|vol_|top300,Analyst revisions,equity_factor,A_share,20,20,vol_scaled,top300,B,True,0.472,12.0,0.12,0.352,0.819,-0.467,1.22,-1.62,False,False
Options variance ris|300ETF_option|L20|H5|rank|all,Options variance risk premium,options,300ETF_option,20,5,rank,all,B,True,0.911,48.0,0.56,0.351,0.819,-0.468,1.22,-1.62,False,False
ML cross-sectional (|A_share|L5|H60|vol_|liquid_,ML cross-sectional (alpha101),ml_equity,A_share,5,60,vol_scaled,liquid_top50pct,C,True,0.467,11.5,0.115,0.352,0.819,-0.468,1.22,-1.62,False,False
Options variance ris|300ETF_option|L60|H10|equa|all,Options variance risk premium,options,300ETF_option,60,10,equal,all,B,True,0.747,33.9,0.396,0.351,0.819,-0.468,1.22,-1.62,False,False
ML cross-sectional (|HK_equity|L10|H60|valu|all,ML cross-sectional (alpha101),ml_equity,HK_equity,10,60,value,all,C,True,0.491,11.5,0.141,0.35,0.819,-0.469,1.21,-1.62,False,False
Deep RL portfolio|HK_equity|L250|H20|equa|all,Deep RL portfolio,ml_equity,HK_equity,250,20,equal,all,C,True,0.655,25.0,0.306,0.35,0.819,-0.469,1.21,-1.63,False,False
Investment/asset gro|HK_equity|L10|H60|valu|liquid_,Investment/asset growth,equity_factor,HK_equity,10,60,value,liquid_top50pct,B,True,0.378,2.3,0.028,0.349,0.819,-0.47,1.21,-1.63,False,False
Short straddle/stran|50ETF_option|L20|H60|rank|liquid_,Short straddle/strangle (50ETF),options,50ETF_option,20,60,rank,liquid_top50pct,B,True,0.51,13.9,0.162,0.348,0.819,-0.471,1.21,-1.63,False,False
Commodity basis-mome|commodity_fut|L20|H1|equa|top300,Commodity basis-momentum,futures,commodity_fut,20,1,equal,top300,A,True,0.467,35.8,0.119,0.347,0.819,-0.472,1.2,-1.63,False,False
Earnings surprise (P|HK_equity|L10|H10|rank|liquid_,Earnings surprise (PEAD),equity_factor,HK_equity,10,10,rank,liquid_top50pct,B,True,0.554,17.0,0.207,0.346,0.819,-0.473,1.2,-1.64,False,False
ML cross-sectional (|HK_equity|L120|H20|equa|all,ML cross-sectional (alpha101),ml_equity,HK_equity,120,20,equal,all,C,True,0.591,20.0,0.244,0.346,0.819,-0.473,1.2,-1.64,False,False
Idiosyncratic volati|A_share|L250|H20|rank|all,Idiosyncratic volatility,equity_factor,A_share,250,20,rank,all,B,False,0.465,12.0,0.12,0.345,0.819,-0.474,1.2,-1.64,False,False
Idiosyncratic volati|HK_equity|L5|H5|vol_|liquid_,Idiosyncratic volatility,equity_factor,HK_equity,5,5,vol_scaled,liquid_top50pct,B,False,0.638,24.0,0.293,0.345,0.819,-0.474,1.2,-1.64,False,False
Earnings surprise (P|A_share|L20|H5|vol_|top300,Earnings surprise (PEAD),equity_factor,A_share,20,5,vol_scaled,top300,B,True,0.582,24.0,0.24,0.342,0.819,-0.477,1.19,-1.65,False,False
Profitability/qualit|HK_equity|L250|H60|equa|liquid_,Profitability/quality,equity_factor,HK_equity,250,60,equal,liquid_top50pct,A,True,0.37,2.3,0.028,0.342,0.819,-0.477,1.18,-1.65,False,False
Profitability/qualit|A_share|L250|H60|vol_|all,Profitability/quality,equity_factor,A_share,250,60,vol_scaled,all,A,True,0.364,2.3,0.023,0.341,0.819,-0.478,1.18,-1.66,False,False
Analyst revisions|HK_equity|L120|H60|equa|all,Analyst revisions,equity_factor,HK_equity,120,60,equal,all,B,True,0.423,6.9,0.085,0.338,0.819,-0.481,1.17,-1.67,False,False
Deep RL portfolio|A_share|L120|H20|valu|all,Deep RL portfolio,ml_equity,A_share,120,20,value,all,C,True,0.587,25.0,0.25,0.337,0.819,-0.482,1.17,-1.67,False,False
Delta-hedged option |50ETF_option|L120|H20|vol_|liquid_,Delta-hedged option selling,options,50ETF_option,120,20,vol_scaled,liquid_top50pct,B,True,0.921,50.0,0.583,0.337,0.819,-0.482,1.17,-1.67,False,False
ML cross-sectional (|A_share|L250|H20|rank|ex_smal,ML cross-sectional (alpha101),ml_equity,A_share,250,20,rank,ex_small30,C,True,0.536,20.0,0.2,0.336,0.819,-0.483,1.17,-1.67,False,False
Index-futures basis |commodity_fut|L60|H10|valu|liquid_,Index-futures basis (IF/IC),futures,commodity_fut,60,10,value,liquid_top50pct,B,True,0.393,17.0,0.057,0.337,0.819,-0.483,1.17,-1.67,False,False
Commodity hedging pr|index_fut|L120|H1|rank|liquid_,Commodity hedging pressure,futures,index_fut,120,1,rank,liquid_top50pct,B,True,0.396,26.8,0.06,0.336,0.819,-0.483,1.17,-1.67,False,False
Short-term reversal|A_share|L60|H20|valu|ex_smal,Short-term reversal,equity_factor,A_share,60,20,value,ex_small30,B,False,0.734,40.0,0.4,0.334,0.819,-0.485,1.16,-1.68,False,False
Commodity XS-momentu|commodity_fut|L120|H1|valu|liquid_,Commodity XS-momentum,futures,commodity_fut,120,1,value,liquid_top50pct,A,True,0.484,44.7,0.149,0.335,0.819,-0.485,1.16,-1.68,False,False
Commodity XS-momentu|commodity_fut|L5|H10|equa|all,Commodity XS-momentum,futures,commodity_fut,5,10,equal,all,A,True,0.381,14.1,0.047,0.334,0.819,-0.486,1.16,-1.68,False,False
Convertible bond arb|convertible|L20|H1|rank|top300,Convertible bond arbitrage,cross_asset,convertible,20,1,rank,top300,B,True,0.63,35.8,0.298,0.332,0.819,-0.487,1.15,-1.69,False,False
Commodity carry/basi|index_fut|L120|H20|equa|top300,Commodity carry/basis,futures,index_fut,120,20,equal,top300,A,True,0.343,6.0,0.013,0.33,0.819,-0.489,1.14,-1.7,False,False
PCR/skew/VIX market |50ETF_option|L250|H10|rank|top300,PCR/skew/VIX market timing,options,50ETF_option,250,10,rank,top300,B,True,0.527,17.0,0.198,0.329,0.819,-0.49,1.14,-1.7,False,False
Index-futures basis |index_fut|L5|H10|vol_|liquid_,Index-futures basis (IF/IC),futures,index_fut,5,10,vol_scaled,liquid_top50pct,B,True,0.365,17.0,0.038,0.328,0.819,-0.491,1.14,-1.7,False,False
Commodity XS-momentu|commodity_fut|L250|H1|rank|all,Commodity XS-momentum,futures,commodity_fut,250,1,rank,all,A,True,0.476,44.7,0.149,0.327,0.819,-0.492,1.13,-1.71,False,False
Idiosyncratic volati|A_share|L120|H10|rank|all,Idiosyncratic volatility,equity_factor,A_share,120,10,rank,all,B,False,0.496,17.0,0.17,0.326,0.819,-0.493,1.13,-1.71,False,False
Option ML return pre|50ETF_option|L5|H20|rank|liquid_,Option ML return prediction,options,50ETF_option,5,20,rank,liquid_top50pct,C,True,0.674,30.0,0.35,0.324,0.819,-0.495,1.12,-1.71,False,False
Profitability/qualit|A_share|L120|H60|vol_|ex_smal,Profitability/quality,equity_factor,A_share,120,60,vol_scaled,ex_small30,A,True,0.346,2.3,0.023,0.323,0.819,-0.496,1.12,-1.72,False,False
Options variance ris|300ETF_option|L20|H20|valu|all,Options variance risk premium,options,300ETF_option,20,20,value,all,B,True,0.602,24.0,0.28,0.322,0.819,-0.497,1.11,-1.72,False,False
Commodity hedging pr|commodity_fut|L5|H5|equa|liquid_,Commodity hedging pressure,futures,commodity_fut,5,5,equal,liquid_top50pct,B,True,0.361,12.0,0.04,0.321,0.819,-0.498,1.11,-1.73,False,False
ML cross-sectional (|HK_equity|L10|H10|rank|top300,ML cross-sectional (alpha101),ml_equity,HK_equity,10,10,rank,top300,C,True,0.667,28.3,0.346,0.321,0.819,-0.498,1.11,-1.73,False,False
Idiosyncratic volati|A_share|L20|H60|valu|ex_smal,Idiosyncratic volatility,equity_factor,A_share,20,60,value,ex_small30,B,False,0.39,6.9,0.069,0.321,0.819,-0.498,1.11,-1.73,False,False
"Size (CH-3 SMB, ex-s|HK_equity|L5|H10|vol_|all","Size (CH-3 SMB, ex-shell)",equity_factor,HK_equity,5,10,vol_scaled,all,A,True,0.372,4.2,0.052,0.32,0.819,-0.499,1.11,-1.73,False,False
Analyst revisions|HK_equity|L5|H60|vol_|ex_smal,Analyst revisions,equity_factor,HK_equity,5,60,vol_scaled,ex_small30,B,True,0.404,6.9,0.085,0.319,0.819,-0.5,1.11,-1.73,False,False
Commodity basis-mome|index_fut|L5|H1|rank|ex_smal,Commodity basis-momentum,futures,index_fut,5,1,rank,ex_small30,A,True,0.396,35.8,0.08,0.317,0.819,-0.502,1.1,-1.74,False,False
Abnormal turnover|A_share|L10|H10|equa|liquid_,Abnormal turnover,equity_factor,A_share,10,10,equal,liquid_top50pct,B,False,0.742,42.4,0.424,0.317,0.819,-0.502,1.1,-1.74,False,False
Investment/asset gro|HK_equity|L10|H5|valu|all,Investment/asset growth,equity_factor,HK_equity,10,5,value,all,B,True,0.415,8.0,0.098,0.317,0.819,-0.502,1.1,-1.74,False,False
Delta-hedged option |50ETF_option|L250|H60|equa|ex_smal,Delta-hedged option selling,options,50ETF_option,250,60,equal,ex_small30,B,True,0.652,28.9,0.337,0.315,0.819,-0.504,1.09,-1.75,False,False
Deep RL portfolio|A_share|L20|H60|equa|liquid_,Deep RL portfolio,ml_equity,A_share,20,60,equal,liquid_top50pct,C,True,0.46,14.4,0.144,0.315,0.819,-0.504,1.09,-1.74,False,False
Abnormal turnover|HK_equity|L250|H10|vol_|all,Abnormal turnover,equity_factor,HK_equity,250,10,vol_scaled,all,B,False,0.834,42.4,0.519,0.315,0.819,-0.504,1.09,-1.74,False,False
Commodity hedging pr|commodity_fut|L10|H10|valu|all,Commodity hedging pressure,futures,commodity_fut,10,10,value,all,B,True,0.342,8.5,0.028,0.314,0.819,-0.505,1.09,-1.75,False,False
Earnings surprise (P|A_share|L120|H20|vol_|liquid_,Earnings surprise (PEAD),equity_factor,A_share,120,20,vol_scaled,liquid_top50pct,B,True,0.434,12.0,0.12,0.314,0.819,-0.505,1.09,-1.75,False,False
Short-term reversal|A_share|L5|H60|valu|all,Short-term reversal,equity_factor,A_share,5,60,value,all,B,False,0.544,23.1,0.231,0.313,0.819,-0.506,1.09,-1.75,False,False
Commodity curve mome|commodity_fut|L20|H1|rank|ex_smal,Commodity curve momentum,futures,commodity_fut,20,1,rank,ex_small30,A,True,0.433,35.8,0.119,0.313,0.819,-0.506,1.09,-1.75,False,False
"Size (CH-3 SMB, ex-s|A_share|L20|H1|valu|all","Size (CH-3 SMB, ex-shell)",equity_factor,A_share,20,1,value,all,A,True,0.447,13.4,0.134,0.313,0.819,-0.506,1.08,-1.75,False,False
"Size (CH-3 SMB, ex-s|HK_equity|L5|H5|rank|liquid_","Size (CH-3 SMB, ex-shell)",equity_factor,HK_equity,5,5,rank,liquid_top50pct,A,True,0.386,6.0,0.073,0.313,0.819,-0.506,1.08,-1.75,False,False
A-H premium converge|AH_pair|L10|H60|equa|ex_smal,A-H premium convergence,cross_border,AH_pair,10,60,equal,ex_small30,C,False,0.37,3.5,0.058,0.313,0.819,-0.506,1.08,-1.75,False,False
Profitability/qualit|A_share|L5|H1|vol_|ex_smal,Profitability/quality,equity_factor,A_share,5,1,vol_scaled,ex_small30,A,True,0.49,17.9,0.179,0.312,0.819,-0.508,1.08,-1.76,False,False
Analyst revisions|A_share|L250|H60|valu|all,Analyst revisions,equity_factor,A_share,250,60,value,all,B,True,0.38,6.9,0.069,0.311,0.819,-0.508,1.08,-1.76,False,False
Short-term reversal|A_share|L250|H10|valu|liquid_,Short-term reversal,equity_factor,A_share,250,10,value,liquid_top50pct,B,False,0.877,56.6,0.566,0.311,0.819,-0.508,1.08,-1.76,False,False
Commodity hedging pr|index_fut|L250|H20|vol_|ex_smal,Commodity hedging pressure,futures,index_fut,250,20,vol_scaled,ex_small30,B,True,0.323,6.0,0.013,0.309,0.819,-0.51,1.07,-1.77,False,False
Analyst revisions|A_share|L120|H60|equa|all,Analyst revisions,equity_factor,A_share,120,60,equal,all,B,True,0.378,6.9,0.069,0.308,0.819,-0.511,1.07,-1.77,False,False
Analyst revisions|A_share|L10|H10|vol_|ex_smal,Analyst revisions,equity_factor,A_share,10,10,vol_scaled,ex_small30,B,True,0.478,17.0,0.17,0.308,0.819,-0.511,1.07,-1.77,False,False
Earnings surprise (P|A_share|L10|H10|equa|all,Earnings surprise (PEAD),equity_factor,A_share,10,10,equal,all,B,True,0.477,17.0,0.17,0.307,0.819,-0.512,1.06,-1.77,False,False
Mispricing composite|A_share|L10|H1|equa|top300,Mispricing composite (SY),equity_factor,A_share,10,1,equal,top300,B,False,0.664,35.8,0.358,0.306,0.819,-0.513,1.06,-1.78,False,False
Deep RL portfolio|HK_equity|L120|H60|vol_|top300,Deep RL portfolio,ml_equity,HK_equity,120,60,vol_scaled,top300,C,True,0.483,14.4,0.176,0.306,0.819,-0.513,1.06,-1.78,False,False
Option ML return pre|300ETF_option|L5|H20|valu|all,Option ML return prediction,options,300ETF_option,5,20,value,all,C,True,0.656,30.0,0.35,0.306,0.819,-0.513,1.06,-1.78,False,False
Commodity TS-momentu|index_fut|L250|H1|vol_|all,Commodity TS-momentum,futures,index_fut,250,1,vol_scaled,all,A,True,0.406,44.7,0.099,0.306,0.819,-0.513,1.06,-1.78,False,False
Earnings surprise (P|HK_equity|L120|H10|equa|liquid_,Earnings surprise (PEAD),equity_factor,HK_equity,120,10,equal,liquid_top50pct,B,True,0.512,17.0,0.207,0.304,0.819,-0.515,1.05,-1.78,False,False
Commodity XS-momentu|index_fut|L250|H1|vol_|all,Commodity XS-momentum,futures,index_fut,250,1,vol_scaled,all,A,True,0.403,44.7,0.099,0.304,0.819,-0.515,1.05,-1.79,False,False
Options variance ris|50ETF_option|L250|H10|valu|top300,Options variance risk premium,options,50ETF_option,250,10,value,top300,B,True,0.699,33.9,0.396,0.303,0.819,-0.516,1.05,-1.79,False,False
A-H premium converge|AH_pair|L10|H10|vol_|liquid_,A-H premium convergence,cross_border,AH_pair,10,10,vol_scaled,liquid_top50pct,C,False,0.444,8.5,0.141,0.303,0.819,-0.516,1.05,-1.79,False,False
Deep RL portfolio|HK_equity|L60|H5|equa|all,Deep RL portfolio,ml_equity,HK_equity,60,5,equal,all,C,True,0.913,50.0,0.611,0.302,0.819,-0.517,1.05,-1.79,False,False
"Size (CH-3 SMB, ex-s|HK_equity|L120|H1|rank|top300","Size (CH-3 SMB, ex-shell)",equity_factor,HK_equity,120,1,rank,top300,A,True,0.463,13.4,0.164,0.299,0.819,-0.52,1.04,-1.8,False,False
Commodity hedging pr|index_fut|L10|H1|vol_|ex_smal,Commodity hedging pressure,futures,index_fut,10,1,vol_scaled,ex_small30,B,True,0.358,26.8,0.06,0.298,0.819,-0.521,1.03,-1.8,False,False
Momentum (12-1)|HK_equity|L250|H60|valu|liquid_,Momentum (12-1),equity_factor,HK_equity,250,60,value,liquid_top50pct,B,True,0.353,4.6,0.056,0.297,0.819,-0.522,1.03,-1.81,False,False
Commodity hedging pr|index_fut|L10|H5|equa|liquid_,Commodity hedging pressure,futures,index_fut,10,5,equal,liquid_top50pct,B,True,0.323,12.0,0.027,0.296,0.819,-0.523,1.02,-1.81,False,False
Profitability/qualit|HK_equity|L120|H60|rank|top300,Profitability/quality,equity_factor,HK_equity,120,60,rank,top300,A,True,0.324,2.3,0.028,0.295,0.819,-0.524,1.02,-1.81,False,False
Idiosyncratic volati|HK_equity|L10|H5|valu|top300,Idiosyncratic volatility,equity_factor,HK_equity,10,5,value,top300,B,False,0.587,24.0,0.293,0.294,0.819,-0.525,1.02,-1.82,False,False
Earnings surprise (P|HK_equity|L250|H5|valu|ex_smal,Earnings surprise (PEAD),equity_factor,HK_equity,250,5,value,ex_small30,B,True,0.587,24.0,0.293,0.294,0.819,-0.525,1.02,-1.82,False,False
Option ML return pre|300ETF_option|L5|H60|equa|liquid_,Option ML return prediction,options,300ETF_option,5,60,equal,liquid_top50pct,C,True,0.496,17.3,0.202,0.294,0.819,-0.526,1.02,-1.82,False,False
Abnormal turnover|A_share|L20|H20|rank|liquid_,Abnormal turnover,equity_factor,A_share,20,20,rank,liquid_top50pct,B,False,0.591,30.0,0.3,0.291,0.819,-0.528,1.01,-1.83,False,False
Momentum (12-1)|A_share|L10|H10|valu|top300,Momentum (12-1),equity_factor,A_share,10,10,value,top300,B,True,0.404,11.3,0.113,0.291,0.819,-0.528,1.01,-1.83,False,False
Deep RL portfolio|A_share|L120|H10|equa|liquid_,Deep RL portfolio,ml_equity,A_share,120,10,equal,liquid_top50pct,C,True,0.644,35.4,0.354,0.29,0.819,-0.529,1.01,-1.83,False,False
Profitability/qualit|A_share|L5|H10|valu|liquid_,Profitability/quality,equity_factor,A_share,5,10,value,liquid_top50pct,A,True,0.346,5.7,0.057,0.29,0.819,-0.529,1.0,-1.83,False,False
Delta-hedged option |50ETF_option|L250|H20|rank|top300,Delta-hedged option selling,options,50ETF_option,250,20,rank,top300,B,True,0.87,50.0,0.583,0.286,0.819,-0.533,0.99,-1.85,False,False
Momentum (12-1)|HK_equity|L120|H60|rank|top300,Momentum (12-1),equity_factor,HK_equity,120,60,rank,top300,B,True,0.341,4.6,0.056,0.285,0.819,-0.534,0.99,-1.85,False,False
Mispricing composite|A_share|L20|H1|equa|liquid_,Mispricing composite (SY),equity_factor,A_share,20,1,equal,liquid_top50pct,B,False,0.642,35.8,0.358,0.284,0.819,-0.535,0.98,-1.85,False,False
Investment/asset gro|A_share|L10|H20|rank|ex_smal,Investment/asset growth,equity_factor,A_share,10,20,rank,ex_small30,B,True,0.324,4.0,0.04,0.284,0.819,-0.535,0.98,-1.85,False,False
Delta-hedged option |300ETF_option|L250|H20|equa|ex_smal,Delta-hedged option selling,options,300ETF_option,250,20,equal,ex_small30,B,True,0.867,50.0,0.583,0.284,0.819,-0.535,0.98,-1.85,False,False
Momentum (12-1)|HK_equity|L250|H10|rank|ex_smal,Momentum (12-1),equity_factor,HK_equity,250,10,rank,ex_small30,B,True,0.422,11.3,0.138,0.284,0.819,-0.535,0.98,-1.85,False,False
Investment/asset gro|HK_equity|L10|H10|valu|liquid_,Investment/asset growth,equity_factor,HK_equity,10,10,value,liquid_top50pct,B,True,0.353,5.7,0.069,0.284,0.819,-0.535,0.98,-1.85,False,False
A-H premium converge|AH_pair|L120|H5|rank|all,A-H premium convergence,cross_border,AH_pair,120,5,rank,all,C,False,0.483,12.0,0.2,0.283,0.819,-0.536,0.98,-1.86,False,False
Option ML return pre|50ETF_option|L10|H20|equa|top300,Option ML return prediction,options,50ETF_option,10,20,equal,top300,C,True,0.632,30.0,0.35,0.282,0.819,-0.537,0.98,-1.86,False,False
Idiosyncratic volati|A_share|L60|H60|equa|ex_smal,Idiosyncratic volatility,equity_factor,A_share,60,60,equal,ex_small30,B,False,0.35,6.9,0.069,0.281,0.819,-0.538,0.97,-1.86,False,False
Convertible bond arb|convertible|L20|H5|rank|all,Convertible bond arbitrage,cross_asset,convertible,20,5,rank,all,B,True,0.412,16.0,0.133,0.278,0.819,-0.541,0.96,-1.87,False,False
Options variance ris|300ETF_option|L10|H10|rank|liquid_,Options variance risk premium,options,300ETF_option,10,10,rank,liquid_top50pct,B,True,0.674,33.9,0.396,0.278,0.819,-0.541,0.96,-1.87,False,False
Investment/asset gro|HK_equity|L20|H20|vol_|ex_smal,Investment/asset growth,equity_factor,HK_equity,20,20,vol_scaled,ex_small30,B,True,0.326,4.0,0.049,0.277,0.819,-0.542,0.96,-1.88,False,False
Options variance ris|50ETF_option|L10|H10|rank|liquid_,Options variance risk premium,options,50ETF_option,10,10,rank,liquid_top50pct,B,True,0.673,33.9,0.396,0.277,0.819,-0.542,0.96,-1.88,False,False
Delta-hedged option |300ETF_option|L10|H60|vol_|liquid_,Delta-hedged option selling,options,300ETF_option,10,60,vol_scaled,liquid_top50pct,B,True,0.612,28.9,0.337,0.275,0.819,-0.544,0.95,-1.89,False,False
Investment/asset gro|HK_equity|L5|H5|vol_|liquid_,Investment/asset growth,equity_factor,HK_equity,5,5,vol_scaled,liquid_top50pct,B,True,0.373,8.0,0.098,0.275,0.819,-0.544,0.95,-1.88,False,False
Analyst revisions|A_share|L10|H5|rank|top300,Analyst revisions,equity_factor,A_share,10,5,rank,top300,B,True,0.514,24.0,0.24,0.274,0.819,-0.545,0.95,-1.89,False,False
Options variance ris|300ETF_option|L120|H20|rank|ex_smal,Options variance risk premium,options,300ETF_option,120,20,rank,ex_small30,B,True,0.552,24.0,0.28,0.272,0.819,-0.547,0.94,-1.89,False,False
Convertible bond arb|convertible|L20|H5|valu|all,Convertible bond arbitrage,cross_asset,convertible,20,5,value,all,B,True,0.404,16.0,0.133,0.271,0.819,-0.548,0.94,-1.9,False,False
Investment/asset gro|A_share|L250|H5|equa|top300,Investment/asset growth,equity_factor,A_share,250,5,equal,top300,B,True,0.348,8.0,0.08,0.268,0.819,-0.551,0.93,-1.91,False,False
Investment/asset gro|A_share|L250|H10|valu|all,Investment/asset growth,equity_factor,A_share,250,10,value,all,B,True,0.325,5.7,0.057,0.268,0.819,-0.551,0.93,-1.91,False,False
Profitability/qualit|HK_equity|L10|H1|rank|liquid_,Profitability/quality,equity_factor,HK_equity,10,1,rank,liquid_top50pct,A,True,0.487,17.9,0.219,0.268,0.819,-0.551,0.93,-1.91,False,False
Option ML return pre|300ETF_option|L120|H60|rank|ex_smal,Option ML return prediction,options,300ETF_option,120,60,rank,ex_small30,C,True,0.47,17.3,0.202,0.268,0.819,-0.551,0.93,-1.91,False,False
Momentum (12-1)|A_share|L120|H60|valu|all,Momentum (12-1),equity_factor,A_share,120,60,value,all,B,True,0.315,4.6,0.046,0.269,0.819,-0.551,0.93,-1.91,False,False
Analyst revisions|A_share|L20|H5|valu|top300,Analyst revisions,equity_factor,A_share,20,5,value,top300,B,True,0.507,24.0,0.24,0.267,0.819,-0.552,0.93,-1.91,False,False
Deep RL portfolio|HK_equity|L20|H60|equa|liquid_,Deep RL portfolio,ml_equity,HK_equity,20,60,equal,liquid_top50pct,C,True,0.443,14.4,0.176,0.267,0.819,-0.552,0.93,-1.91,False,False
Profitability/qualit|HK_equity|L10|H5|equa|liquid_,Profitability/quality,equity_factor,HK_equity,10,5,equal,liquid_top50pct,A,True,0.361,8.0,0.098,0.263,0.819,-0.556,0.91,-1.93,False,False
Short-term reversal|A_share|L10|H20|vol_|liquid_,Short-term reversal,equity_factor,A_share,10,20,vol_scaled,liquid_top50pct,B,False,0.664,40.0,0.4,0.264,0.819,-0.556,0.91,-1.92,False,False
Momentum (12-1)|HK_equity|L250|H20|equa|all,Momentum (12-1),equity_factor,HK_equity,250,20,equal,all,B,True,0.361,8.0,0.098,0.263,0.819,-0.556,0.91,-1.93,False,False
Earnings surprise (P|A_share|L5|H60|equa|ex_smal,Earnings surprise (PEAD),equity_factor,A_share,5,60,equal,ex_small30,B,True,0.33,6.9,0.069,0.261,0.819,-0.559,0.9,-1.93,False,False
HK volatility ML tim|HK_equity|L120|H20|vol_|top300,HK volatility ML timing,hk_equity,HK_equity,120,20,vol_scaled,top300,B,True,0.505,20.0,0.244,0.26,0.819,-0.559,0.9,-1.94,False,False
Convertible bond arb|convertible|L60|H10|vol_|all,Convertible bond arbitrage,cross_asset,convertible,60,10,vol_scaled,all,B,True,0.353,11.3,0.094,0.259,0.819,-0.56,0.9,-1.94,False,False
PCR/skew/VIX market |50ETF_option|L120|H20|vol_|liquid_,PCR/skew/VIX market timing,options,50ETF_option,120,20,vol_scaled,liquid_top50pct,B,True,0.398,12.0,0.14,0.258,0.819,-0.561,0.89,-1.94,False,False
Commodity hedging pr|commodity_fut|L60|H10|equa|ex_smal,Commodity hedging pressure,futures,commodity_fut,60,10,equal,ex_small30,B,True,0.285,8.5,0.028,0.257,0.819,-0.563,0.89,-1.95,False,False
Commodity hedging pr|index_fut|L250|H10|equa|ex_smal,Commodity hedging pressure,futures,index_fut,250,10,equal,ex_small30,B,True,0.274,8.5,0.019,0.255,0.819,-0.564,0.88,-1.95,False,False
Earnings surprise (P|HK_equity|L5|H20|vol_|liquid_,Earnings surprise (PEAD),equity_factor,HK_equity,5,20,vol_scaled,liquid_top50pct,B,True,0.402,12.0,0.147,0.255,0.819,-0.564,0.88,-1.95,False,False
PCR/skew/VIX market |300ETF_option|L60|H20|equa|liquid_,PCR/skew/VIX market timing,options,300ETF_option,60,20,equal,liquid_top50pct,B,True,0.394,12.0,0.14,0.254,0.819,-0.565,0.88,-1.96,False,False
Profitability/qualit|A_share|L60|H20|equa|top300,Profitability/quality,equity_factor,A_share,60,20,equal,top300,A,True,0.293,4.0,0.04,0.253,0.819,-0.566,0.88,-1.96,False,False
Investment/asset gro|HK_equity|L120|H5|valu|liquid_,Investment/asset growth,equity_factor,HK_equity,120,5,value,liquid_top50pct,B,True,0.348,8.0,0.098,0.25,0.819,-0.569,0.87,-1.97,False,False
ML cross-sectional (|A_share|L10|H20|rank|top300,ML cross-sectional (alpha101),ml_equity,A_share,10,20,rank,top300,C,True,0.45,20.0,0.2,0.25,0.819,-0.569,0.87,-1.97,False,False
Profitability/qualit|HK_equity|L10|H1|equa|liquid_,Profitability/quality,equity_factor,HK_equity,10,1,equal,liquid_top50pct,A,True,0.468,17.9,0.219,0.249,0.819,-0.57,0.86,-1.97,False,False
"Size (CH-3 SMB, ex-s|A_share|L120|H1|equa|liquid_","Size (CH-3 SMB, ex-shell)",equity_factor,A_share,120,1,equal,liquid_top50pct,A,True,0.383,13.4,0.134,0.249,0.819,-0.57,0.86,-1.98,False,False
Analyst revisions|A_share|L60|H10|rank|all,Analyst revisions,equity_factor,A_share,60,10,rank,all,B,True,0.418,17.0,0.17,0.248,0.819,-0.571,0.86,-1.98,False,False
Earnings surprise (P|A_share|L5|H10|rank|all,Earnings surprise (PEAD),equity_factor,A_share,5,10,rank,all,B,True,0.418,17.0,0.17,0.248,0.819,-0.571,0.86,-1.98,False,False
Earnings surprise (P|HK_equity|L5|H60|valu|liquid_,Earnings surprise (PEAD),equity_factor,HK_equity,5,60,value,liquid_top50pct,B,True,0.331,6.9,0.085,0.247,0.819,-0.572,0.85,-1.98,False,False
Abnormal turnover|A_share|L20|H5|vol_|ex_smal,Abnormal turnover,equity_factor,A_share,20,5,vol_scaled,ex_small30,B,False,0.846,60.0,0.6,0.246,0.819,-0.573,0.85,-1.99,False,False
"Size (CH-3 SMB, ex-s|A_share|L10|H1|equa|liquid_","Size (CH-3 SMB, ex-shell)",equity_factor,A_share,10,1,equal,liquid_top50pct,A,True,0.381,13.4,0.134,0.246,0.819,-0.573,0.85,-1.98,False,False
Commodity carry/basi|index_fut|L5|H5|vol_|all,Commodity carry/basis,futures,index_fut,5,5,vol_scaled,all,A,True,0.271,12.0,0.027,0.245,0.819,-0.575,0.85,-1.99,False,False
Convertible bond arb|convertible|L60|H5|rank|liquid_,Convertible bond arbitrage,cross_asset,convertible,60,5,rank,liquid_top50pct,B,True,0.375,16.0,0.133,0.242,0.819,-0.577,0.84,-2.0,False,False
Delta-hedged option |50ETF_option|L60|H20|rank|ex_smal,Delta-hedged option selling,options,50ETF_option,60,20,rank,ex_small30,B,True,0.826,50.0,0.583,0.242,0.819,-0.577,0.84,-2.0,False,False
Analyst revisions|HK_equity|L60|H20|vol_|top300,Analyst revisions,equity_factor,HK_equity,60,20,vol_scaled,top300,B,True,0.389,12.0,0.147,0.243,0.819,-0.577,0.84,-2.0,False,False
Profitability/qualit|HK_equity|L10|H1|valu|liquid_,Profitability/quality,equity_factor,HK_equity,10,1,value,liquid_top50pct,A,True,0.461,17.9,0.219,0.243,0.819,-0.577,0.84,-2.0,False,False
Abnormal turnover|HK_equity|L120|H60|equa|liquid_,Abnormal turnover,equity_factor,HK_equity,120,60,equal,liquid_top50pct,B,False,0.452,17.3,0.212,0.24,0.819,-0.579,0.83,-2.01,False,False
A-H premium converge|AH_pair|L250|H5|valu|all,A-H premium convergence,cross_border,AH_pair,250,5,value,all,C,False,0.437,12.0,0.2,0.237,0.819,-0.582,0.82,-2.02,False,False
Mispricing composite|HK_equity|L60|H1|vol_|top300,Mispricing composite (SY),equity_factor,HK_equity,60,1,vol_scaled,top300,B,False,0.675,35.8,0.437,0.237,0.819,-0.582,0.82,-2.02,False,False
Commodity carry/basi|commodity_fut|L250|H1|vol_|all,Commodity carry/basis,futures,commodity_fut,250,1,vol_scaled,all,A,True,0.325,26.8,0.089,0.236,0.819,-0.583,0.82,-2.02,False,False
PCR/skew/VIX market |300ETF_option|L5|H60|vol_|ex_smal,PCR/skew/VIX market timing,options,300ETF_option,5,60,vol_scaled,ex_small30,B,True,0.316,6.9,0.081,0.236,0.819,-0.583,0.82,-2.02,False,False
PCR/skew/VIX market |300ETF_option|L10|H10|rank|liquid_,PCR/skew/VIX market timing,options,300ETF_option,10,10,rank,liquid_top50pct,B,True,0.432,17.0,0.198,0.234,0.819,-0.585,0.81,-2.03,False,False
Option ML return pre|50ETF_option|L250|H20|rank|ex_smal,Option ML return prediction,options,50ETF_option,250,20,rank,ex_small30,C,True,0.583,30.0,0.35,0.233,0.819,-0.586,0.81,-2.03,False,False
Abnormal turnover|HK_equity|L120|H10|vol_|top300,Abnormal turnover,equity_factor,HK_equity,120,10,vol_scaled,top300,B,False,0.749,42.4,0.519,0.23,0.819,-0.589,0.8,-2.04,False,False
Short straddle/stran|300ETF_option|L20|H10|equa|liquid_,Short straddle/strangle (50ETF),options,300ETF_option,20,10,equal,liquid_top50pct,B,True,0.626,33.9,0.396,0.23,0.819,-0.589,0.8,-2.04,False,False
Options variance ris|300ETF_option|L5|H5|equa|liquid_,Options variance risk premium,options,300ETF_option,5,5,equal,liquid_top50pct,B,True,0.79,48.0,0.56,0.23,0.819,-0.589,0.8,-2.04,False,False
Investment/asset gro|HK_equity|L250|H20|rank|liquid_,Investment/asset growth,equity_factor,HK_equity,250,20,rank,liquid_top50pct,B,True,0.278,4.0,0.049,0.229,0.819,-0.59,0.79,-2.04,False,False
Investment/asset gro|HK_equity|L120|H20|rank|liquid_,Investment/asset growth,equity_factor,HK_equity,120,20,rank,liquid_top50pct,B,True,0.274,4.0,0.049,0.225,0.819,-0.594,0.78,-2.06,False,False
Abnormal turnover|A_share|L5|H10|rank|liquid_,Abnormal turnover,equity_factor,A_share,5,10,rank,liquid_top50pct,B,False,0.649,42.4,0.424,0.225,0.819,-0.595,0.78,-2.06,False,False
Idiosyncratic volati|A_share|L10|H20|equa|liquid_,Idiosyncratic volatility,equity_factor,A_share,10,20,equal,liquid_top50pct,B,False,0.343,12.0,0.12,0.223,0.819,-0.596,0.77,-2.06,False,False
Abnormal turnover|A_share|L5|H20|vol_|liquid_,Abnormal turnover,equity_factor,A_share,5,20,vol_scaled,liquid_top50pct,B,False,0.522,30.0,0.3,0.222,0.819,-0.597,0.77,-2.07,False,False
Short-term reversal|A_share|L10|H20|rank|liquid_,Short-term reversal,equity_factor,A_share,10,20,rank,liquid_top50pct,B,False,0.621,40.0,0.4,0.221,0.819,-0.598,0.76,-2.07,False,False
Momentum (12-1)|HK_equity|L5|H60|equa|all,Momentum (12-1),equity_factor,HK_equity,5,60,equal,all,B,True,0.276,4.6,0.056,0.22,0.819,-0.599,0.76,-2.08,False,False
Mispricing composite|HK_equity|L20|H1|vol_|ex_smal,Mispricing composite (SY),equity_factor,HK_equity,20,1,vol_scaled,ex_small30,B,False,0.656,35.8,0.437,0.219,0.819,-0.6,0.76,-2.08,False,False
"Size (CH-3 SMB, ex-s|A_share|L5|H1|valu|liquid_","Size (CH-3 SMB, ex-shell)",equity_factor,A_share,5,1,value,liquid_top50pct,A,True,0.354,13.4,0.134,0.219,0.819,-0.6,0.76,-2.08,False,False
Delta-hedged option |50ETF_option|L250|H60|valu|ex_smal,Delta-hedged option selling,options,50ETF_option,250,60,value,ex_small30,B,True,0.555,28.9,0.337,0.218,0.819,-0.601,0.76,-2.08,False,False
Analyst revisions|A_share|L20|H10|vol_|liquid_,Analyst revisions,equity_factor,A_share,20,10,vol_scaled,liquid_top50pct,B,True,0.387,17.0,0.17,0.217,0.819,-0.602,0.75,-2.08,False,False
Earnings surprise (P|A_share|L120|H20|valu|all,Earnings surprise (PEAD),equity_factor,A_share,120,20,value,all,B,True,0.338,12.0,0.12,0.218,0.819,-0.602,0.75,-2.08,False,False
Options variance ris|50ETF_option|L60|H5|equa|all,Options variance risk premium,options,50ETF_option,60,5,equal,all,B,True,0.775,48.0,0.56,0.215,0.819,-0.604,0.75,-2.09,False,False
Index-futures basis |commodity_fut|L5|H5|valu|ex_smal,Index-futures basis (IF/IC),futures,commodity_fut,5,5,value,ex_small30,B,True,0.294,24.0,0.08,0.214,0.819,-0.605,0.74,-2.1,False,False
PCR/skew/VIX market |50ETF_option|L5|H20|equa|liquid_,PCR/skew/VIX market timing,options,50ETF_option,5,20,equal,liquid_top50pct,B,True,0.353,12.0,0.14,0.213,0.819,-0.606,0.74,-2.1,False,False
Deep RL portfolio|A_share|L20|H5|rank|liquid_,Deep RL portfolio,ml_equity,A_share,20,5,rank,liquid_top50pct,C,True,0.713,50.0,0.5,0.213,0.819,-0.606,0.74,-2.1,False,False
Short straddle/stran|50ETF_option|L10|H20|equa|all,Short straddle/strangle (50ETF),options,50ETF_option,10,20,equal,all,B,True,0.493,24.0,0.28,0.213,0.819,-0.607,0.74,-2.1,False,False
Earnings surprise (P|HK_equity|L60|H60|vol_|top300,Earnings surprise (PEAD),equity_factor,HK_equity,60,60,vol_scaled,top300,B,True,0.296,6.9,0.085,0.211,0.819,-0.608,0.73,-2.11,False,False
Deep RL portfolio|HK_equity|L60|H5|rank|all,Deep RL portfolio,ml_equity,HK_equity,60,5,rank,all,C,True,0.821,50.0,0.611,0.21,0.819,-0.609,0.73,-2.11,False,False
Analyst revisions|A_share|L10|H10|equa|ex_smal,Analyst revisions,equity_factor,A_share,10,10,equal,ex_small30,B,True,0.38,17.0,0.17,0.21,0.819,-0.609,0.73,-2.11,False,False
Abnormal turnover|A_share|L120|H5|valu|ex_smal,Abnormal turnover,equity_factor,A_share,120,5,value,ex_small30,B,False,0.809,60.0,0.6,0.209,0.819,-0.61,0.72,-2.11,False,False
Abnormal turnover|A_share|L5|H10|valu|all,Abnormal turnover,equity_factor,A_share,5,10,value,all,B,False,0.633,42.4,0.424,0.208,0.819,-0.611,0.72,-2.12,False,False
Profitability/qualit|A_share|L10|H1|vol_|liquid_,Profitability/quality,equity_factor,A_share,10,1,vol_scaled,liquid_top50pct,A,True,0.386,17.9,0.179,0.207,0.819,-0.612,0.72,-2.12,False,False
Profitability/qualit|A_share|L5|H10|equa|liquid_,Profitability/quality,equity_factor,A_share,5,10,equal,liquid_top50pct,A,True,0.264,5.7,0.057,0.208,0.819,-0.612,0.72,-2.12,False,False
Analyst revisions|A_share|L10|H10|equa|liquid_,Analyst revisions,equity_factor,A_share,10,10,equal,liquid_top50pct,B,True,0.377,17.0,0.17,0.208,0.819,-0.612,0.72,-2.12,False,False
Deep RL portfolio|A_share|L5|H20|rank|top300,Deep RL portfolio,ml_equity,A_share,5,20,rank,top300,C,True,0.456,25.0,0.25,0.206,0.819,-0.613,0.71,-2.12,False,False
Commodity carry/basi|index_fut|L10|H1|valu|all,Commodity carry/basis,futures,index_fut,10,1,value,all,A,True,0.265,26.8,0.06,0.206,0.819,-0.614,0.71,-2.13,False,False
Analyst revisions|A_share|L60|H5|vol_|all,Analyst revisions,equity_factor,A_share,60,5,vol_scaled,all,B,True,0.444,24.0,0.24,0.204,0.819,-0.615,0.71,-2.13,False,False
Abnormal turnover|HK_equity|L10|H10|vol_|top300,Abnormal turnover,equity_factor,HK_equity,10,10,vol_scaled,top300,B,False,0.719,42.4,0.519,0.2,0.819,-0.619,0.69,-2.14,False,False
Momentum (12-1)|A_share|L10|H60|valu|liquid_,Momentum (12-1),equity_factor,A_share,10,60,value,liquid_top50pct,B,True,0.243,4.6,0.046,0.197,0.819,-0.622,0.68,-2.16,False,False
"Size (CH-3 SMB, ex-s|HK_equity|L20|H1|rank|all","Size (CH-3 SMB, ex-shell)",equity_factor,HK_equity,20,1,rank,all,A,True,0.361,13.4,0.164,0.197,0.819,-0.622,0.68,-2.15,False,False
Option ML return pre|300ETF_option|L5|H60|equa|ex_smal,Option ML return prediction,options,300ETF_option,5,60,equal,ex_small30,C,True,0.397,17.3,0.202,0.195,0.819,-0.624,0.68,-2.16,False,False
Short straddle/stran|300ETF_option|L250|H20|valu|top300,Short straddle/strangle (50ETF),options,300ETF_option,250,20,value,top300,B,True,0.473,24.0,0.28,0.193,0.819,-0.626,0.67,-2.17,False,False
Short-term reversal|HK_equity|L60|H20|vol_|all,Short-term reversal,equity_factor,HK_equity,60,20,vol_scaled,all,B,False,0.68,40.0,0.489,0.191,0.819,-0.628,0.66,-2.18,False,False
Analyst revisions|HK_equity|L5|H10|valu|liquid_,Analyst revisions,equity_factor,HK_equity,5,10,value,liquid_top50pct,B,True,0.397,17.0,0.207,0.19,0.819,-0.629,0.66,-2.18,False,False
Option ML return pre|50ETF_option|L5|H60|valu|all,Option ML return prediction,options,50ETF_option,5,60,value,all,C,True,0.391,17.3,0.202,0.189,0.819,-0.63,0.65,-2.18,False,False
Analyst revisions|HK_equity|L10|H60|vol_|liquid_,Analyst revisions,equity_factor,HK_equity,10,60,vol_scaled,liquid_top50pct,B,True,0.274,6.9,0.085,0.189,0.819,-0.63,0.66,-2.18,False,False
Earnings surprise (P|HK_equity|L250|H5|rank|ex_smal,Earnings surprise (PEAD),equity_factor,HK_equity,250,5,rank,ex_small30,B,True,0.479,24.0,0.293,0.186,0.819,-0.633,0.64,-2.19,False,False
Short straddle/stran|50ETF_option|L10|H5|rank|ex_smal,Short straddle/strangle (50ETF),options,50ETF_option,10,5,rank,ex_small30,B,True,0.745,48.0,0.56,0.185,0.819,-0.634,0.64,-2.2,False,False
Short-term reversal|A_share|L20|H5|vol_|all,Short-term reversal,equity_factor,A_share,20,5,vol_scaled,all,B,False,0.985,80.0,0.8,0.185,0.819,-0.634,0.64,-2.2,False,False
Short straddle/stran|50ETF_option|L250|H10|vol_|top300,Short straddle/strangle (50ETF),options,50ETF_option,250,10,vol_scaled,top300,B,True,0.58,33.9,0.396,0.184,0.819,-0.635,0.64,-2.2,False,False
A-H premium converge|AH_pair|L20|H20|vol_|top300,A-H premium convergence,cross_border,AH_pair,20,20,vol_scaled,top300,C,False,0.284,6.0,0.1,0.184,0.819,-0.636,0.64,-2.2,False,False
Delta-hedged option |300ETF_option|L120|H20|vol_|top300,Delta-hedged option selling,options,300ETF_option,120,20,vol_scaled,top300,B,True,0.767,50.0,0.583,0.183,0.819,-0.636,0.64,-2.2,False,False
Analyst revisions|HK_equity|L5|H60|valu|liquid_,Analyst revisions,equity_factor,HK_equity,5,60,value,liquid_top50pct,B,True,0.265,6.9,0.085,0.18,0.819,-0.639,0.62,-2.21,False,False
Idiosyncratic volati|A_share|L5|H10|valu|ex_smal,Idiosyncratic volatility,equity_factor,A_share,5,10,value,ex_small30,B,False,0.349,17.0,0.17,0.179,0.819,-0.64,0.62,-2.22,False,False
Investment/asset gro|A_share|L250|H20|equa|all,Investment/asset growth,equity_factor,A_share,250,20,equal,all,B,True,0.219,4.0,0.04,0.179,0.819,-0.64,0.62,-2.22,False,False
Analyst revisions|A_share|L20|H20|rank|top300,Analyst revisions,equity_factor,A_share,20,20,rank,top300,B,True,0.298,12.0,0.12,0.178,0.819,-0.641,0.62,-2.22,False,False
A-H premium converge|AH_pair|L5|H60|rank|top300,A-H premium convergence,cross_border,AH_pair,5,60,rank,top300,C,False,0.234,3.5,0.058,0.177,0.819,-0.642,0.61,-2.23,False,False
Momentum (12-1)|HK_equity|L5|H10|vol_|all,Momentum (12-1),equity_factor,HK_equity,5,10,vol_scaled,all,B,True,0.313,11.3,0.138,0.175,0.819,-0.644,0.6,-2.23,False,False
Commodity hedging pr|index_fut|L10|H1|valu|ex_smal,Commodity hedging pressure,futures,index_fut,10,1,value,ex_small30,B,True,0.232,26.8,0.06,0.173,0.819,-0.646,0.6,-2.24,False,False
Analyst revisions|HK_equity|L20|H10|equa|liquid_,Analyst revisions,equity_factor,HK_equity,20,10,equal,liquid_top50pct,B,True,0.379,17.0,0.207,0.172,0.819,-0.647,0.59,-2.24,False,False
A-H premium converge|AH_pair|L10|H20|rank|top300,A-H premium convergence,cross_border,AH_pair,10,20,rank,top300,C,False,0.27,6.0,0.1,0.17,0.819,-0.649,0.59,-2.25,False,False
Momentum (12-1)|A_share|L250|H20|valu|liquid_,Momentum (12-1),equity_factor,A_share,250,20,value,liquid_top50pct,B,True,0.249,8.0,0.08,0.169,0.819,-0.65,0.59,-2.25,False,False
PCR/skew/VIX market |300ETF_option|L120|H10|equa|top300,PCR/skew/VIX market timing,options,300ETF_option,120,10,equal,top300,B,True,0.366,17.0,0.198,0.168,0.819,-0.651,0.58,-2.26,False,False
Analyst revisions|A_share|L60|H60|valu|liquid_,Analyst revisions,equity_factor,A_share,60,60,value,liquid_top50pct,B,True,0.237,6.9,0.069,0.168,0.819,-0.651,0.58,-2.26,False,False
Profitability/qualit|A_share|L250|H1|equa|ex_smal,Profitability/quality,equity_factor,A_share,250,1,equal,ex_small30,A,True,0.345,17.9,0.179,0.166,0.819,-0.653,0.58,-2.26,False,False
Investment/asset gro|A_share|L120|H10|valu|all,Investment/asset growth,equity_factor,A_share,120,10,value,all,B,True,0.222,5.7,0.057,0.165,0.819,-0.654,0.57,-2.27,False,False
Investment/asset gro|HK_equity|L60|H60|vol_|liquid_,Investment/asset growth,equity_factor,HK_equity,60,60,vol_scaled,liquid_top50pct,B,True,0.188,2.3,0.028,0.16,0.819,-0.659,0.55,-2.28,False,False
Momentum (12-1)|HK_equity|L10|H10|rank|top300,Momentum (12-1),equity_factor,HK_equity,10,10,rank,top300,B,True,0.298,11.3,0.138,0.16,0.819,-0.659,0.55,-2.28,False,False
Convertible bond arb|convertible|L5|H1|vol_|top300,Convertible bond arbitrage,cross_asset,convertible,5,1,vol_scaled,top300,B,True,0.455,35.8,0.298,0.157,0.819,-0.662,0.54,-2.29,False,False
PCR/skew/VIX market |50ETF_option|L120|H5|vol_|top300,PCR/skew/VIX market timing,options,50ETF_option,120,5,vol_scaled,top300,B,True,0.435,24.0,0.28,0.155,0.819,-0.664,0.54,-2.3,False,False
Convertible bond arb|convertible|L120|H1|vol_|top300,Convertible bond arbitrage,cross_asset,convertible,120,1,vol_scaled,top300,B,True,0.452,35.8,0.298,0.154,0.819,-0.665,0.53,-2.3,False,False
Analyst revisions|A_share|L10|H10|equa|top300,Analyst revisions,equity_factor,A_share,10,10,equal,top300,B,True,0.321,17.0,0.17,0.151,0.819,-0.668,0.52,-2.31,False,False
ML cross-sectional (|A_share|L120|H5|rank|liquid_,ML cross-sectional (alpha101),ml_equity,A_share,120,5,rank,liquid_top50pct,C,True,0.551,40.0,0.4,0.151,0.819,-0.668,0.52,-2.31,False,False
Idiosyncratic volati|A_share|L250|H5|equa|liquid_,Idiosyncratic volatility,equity_factor,A_share,250,5,equal,liquid_top50pct,B,False,0.39,24.0,0.24,0.15,0.819,-0.669,0.52,-2.32,False,False
Investment/asset gro|HK_equity|L5|H60|vol_|all,Investment/asset growth,equity_factor,HK_equity,5,60,vol_scaled,all,B,True,0.179,2.3,0.028,0.151,0.819,-0.669,0.52,-2.32,False,False
Analyst revisions|A_share|L20|H60|rank|top300,Analyst revisions,equity_factor,A_share,20,60,rank,top300,B,True,0.217,6.9,0.069,0.148,0.819,-0.671,0.51,-2.32,False,False
Profitability/qualit|A_share|L10|H1|rank|all,Profitability/quality,equity_factor,A_share,10,1,rank,all,A,True,0.325,17.9,0.179,0.147,0.819,-0.673,0.51,-2.33,False,False
Short-term reversal|A_share|L20|H20|equa|liquid_,Short-term reversal,equity_factor,A_share,20,20,equal,liquid_top50pct,B,False,0.546,40.0,0.4,0.146,0.819,-0.673,0.51,-2.33,False,False
Earnings surprise (P|A_share|L60|H5|vol_|top300,Earnings surprise (PEAD),equity_factor,A_share,60,5,vol_scaled,top300,B,True,0.386,24.0,0.24,0.146,0.819,-0.673,0.51,-2.33,False,False
Momentum (12-1)|HK_equity|L60|H10|vol_|ex_smal,Momentum (12-1),equity_factor,HK_equity,60,10,vol_scaled,ex_small30,B,True,0.282,11.3,0.138,0.144,0.819,-0.675,0.5,-2.34,False,False
Convertible bond arb|convertible|L120|H1|equa|top300,Convertible bond arbitrage,cross_asset,convertible,120,1,equal,top300,B,True,0.441,35.8,0.298,0.143,0.819,-0.676,0.5,-2.34,False,False
Profitability/qualit|HK_equity|L10|H1|rank|top300,Profitability/quality,equity_factor,HK_equity,10,1,rank,top300,A,True,0.36,17.9,0.219,0.141,0.819,-0.678,0.49,-2.35,False,False
Investment/asset gro|HK_equity|L60|H1|vol_|ex_smal,Investment/asset growth,equity_factor,HK_equity,60,1,vol_scaled,ex_small30,B,True,0.355,17.9,0.219,0.136,0.819,-0.683,0.47,-2.37,False,False
Index-futures basis |commodity_fut|L10|H1|rank|all,Index-futures basis (IF/IC),futures,commodity_fut,10,1,rank,all,B,True,0.312,53.7,0.179,0.133,0.819,-0.686,0.46,-2.38,False,False
Idiosyncratic volati|HK_equity|L10|H5|valu|ex_smal,Idiosyncratic volatility,equity_factor,HK_equity,10,5,value,ex_small30,B,False,0.425,24.0,0.293,0.132,0.819,-0.687,0.46,-2.38,False,False
Deep RL portfolio|A_share|L20|H20|valu|top300,Deep RL portfolio,ml_equity,A_share,20,20,value,top300,C,True,0.379,25.0,0.25,0.129,0.819,-0.69,0.45,-2.39,False,False
Profitability/qualit|A_share|L120|H1|equa|ex_smal,Profitability/quality,equity_factor,A_share,120,1,equal,ex_small30,A,True,0.307,17.9,0.179,0.128,0.819,-0.691,0.44,-2.39,False,False
Option ML return pre|300ETF_option|L250|H60|valu|all,Option ML return prediction,options,300ETF_option,250,60,value,all,C,True,0.327,17.3,0.202,0.125,0.819,-0.694,0.43,-2.41,False,False
Options variance ris|300ETF_option|L10|H10|equa|all,Options variance risk premium,options,300ETF_option,10,10,equal,all,B,True,0.52,33.9,0.396,0.124,0.819,-0.695,0.43,-2.41,False,False
Analyst revisions|A_share|L250|H10|vol_|all,Analyst revisions,equity_factor,A_share,250,10,vol_scaled,all,B,True,0.293,17.0,0.17,0.123,0.819,-0.696,0.43,-2.41,False,False
Option ML return pre|300ETF_option|L120|H60|equa|ex_smal,Option ML return prediction,options,300ETF_option,120,60,equal,ex_small30,C,True,0.325,17.3,0.202,0.123,0.819,-0.696,0.42,-2.41,False,False
Earnings surprise (P|HK_equity|L10|H5|valu|liquid_,Earnings surprise (PEAD),equity_factor,HK_equity,10,5,value,liquid_top50pct,B,True,0.416,24.0,0.293,0.122,0.819,-0.697,0.42,-2.41,False,False
Profitability/qualit|A_share|L250|H1|vol_|ex_smal,Profitability/quality,equity_factor,A_share,250,1,vol_scaled,ex_small30,A,True,0.296,17.9,0.179,0.117,0.819,-0.702,0.4,-2.43,False,False
Investment/asset gro|A_share|L5|H20|vol_|all,Investment/asset growth,equity_factor,A_share,5,20,vol_scaled,all,B,True,0.156,4.0,0.04,0.116,0.819,-0.703,0.4,-2.44,False,False
Option ML return pre|300ETF_option|L250|H20|rank|ex_smal,Option ML return prediction,options,300ETF_option,250,20,rank,ex_small30,C,True,0.466,30.0,0.35,0.116,0.819,-0.703,0.4,-2.44,False,False
Deep RL portfolio|A_share|L5|H20|equa|ex_smal,Deep RL portfolio,ml_equity,A_share,5,20,equal,ex_small30,C,True,0.366,25.0,0.25,0.116,0.819,-0.703,0.4,-2.44,False,False
Investment/asset gro|HK_equity|L5|H5|valu|liquid_,Investment/asset growth,equity_factor,HK_equity,5,5,value,liquid_top50pct,B,True,0.213,8.0,0.098,0.115,0.819,-0.704,0.4,-2.44,False,False
A-H premium converge|AH_pair|L20|H60|vol_|all,A-H premium convergence,cross_border,AH_pair,20,60,vol_scaled,all,C,False,0.171,3.5,0.058,0.114,0.819,-0.705,0.39,-2.44,False,False
Deep RL portfolio|A_share|L10|H20|equa|liquid_,Deep RL portfolio,ml_equity,A_share,10,20,equal,liquid_top50pct,C,True,0.361,25.0,0.25,0.111,0.819,-0.708,0.39,-2.45,False,False
Idiosyncratic volati|HK_equity|L250|H5|vol_|top300,Idiosyncratic volatility,equity_factor,HK_equity,250,5,vol_scaled,top300,B,False,0.404,24.0,0.293,0.111,0.819,-0.708,0.38,-2.45,False,False
Investment/asset gro|A_share|L5|H10|vol_|top300,Investment/asset growth,equity_factor,A_share,5,10,vol_scaled,top300,B,True,0.166,5.7,0.057,0.11,0.819,-0.71,0.38,-2.46,False,False
Momentum (12-1)|HK_equity|L60|H20|equa|ex_smal,Momentum (12-1),equity_factor,HK_equity,60,20,equal,ex_small30,B,True,0.205,8.0,0.098,0.107,0.819,-0.712,0.37,-2.47,False,False
Delta-hedged option |300ETF_option|L20|H10|vol_|top300,Delta-hedged option selling,options,300ETF_option,20,10,vol_scaled,top300,B,True,0.932,70.7,0.825,0.107,0.819,-0.712,0.37,-2.47,False,False
Earnings surprise (P|HK_equity|L250|H10|valu|top300,Earnings surprise (PEAD),equity_factor,HK_equity,250,10,value,top300,B,True,0.312,17.0,0.207,0.105,0.819,-0.714,0.36,-2.47,False,False
Option ML return pre|50ETF_option|L60|H10|valu|top300,Option ML return prediction,options,50ETF_option,60,10,value,top300,C,True,0.6,42.4,0.495,0.105,0.819,-0.714,0.36,-2.47,False,False
Investment/asset gro|A_share|L10|H1|vol_|all,Investment/asset growth,equity_factor,A_share,10,1,vol_scaled,all,B,True,0.284,17.9,0.179,0.105,0.819,-0.714,0.36,-2.47,False,False
Deep RL portfolio|HK_equity|L60|H60|valu|top300,Deep RL portfolio,ml_equity,HK_equity,60,60,value,top300,C,True,0.279,14.4,0.176,0.102,0.819,-0.717,0.35,-2.48,False,False
HK volatility ML tim|HK_equity|L20|H10|rank|all,HK volatility ML timing,hk_equity,HK_equity,20,10,rank,all,B,True,0.444,28.3,0.346,0.098,0.819,-0.721,0.34,-2.5,False,False
PCR/skew/VIX market |300ETF_option|L5|H5|valu|top300,PCR/skew/VIX market timing,options,300ETF_option,5,5,value,top300,B,True,0.378,24.0,0.28,0.098,0.819,-0.721,0.34,-2.5,False,False
Options variance ris|50ETF_option|L20|H1|vol_|top300,Options variance risk premium,options,50ETF_option,20,1,vol_scaled,top300,B,True,1.349,107.3,1.252,0.097,0.819,-0.722,0.34,-2.5,False,False
HK TCN/price predict|HK_equity|L10|H60|valu|liquid_,HK TCN/price prediction,hk_equity,HK_equity,10,60,value,liquid_top50pct,C,True,0.309,17.3,0.212,0.097,0.819,-0.722,0.34,-2.5,False,False
Investment/asset gro|HK_equity|L5|H1|valu|top300,Investment/asset growth,equity_factor,HK_equity,5,1,value,top300,B,True,0.316,17.9,0.219,0.097,0.819,-0.722,0.34,-2.5,False,False
Idiosyncratic volati|HK_equity|L5|H10|vol_|top300,Idiosyncratic volatility,equity_factor,HK_equity,5,10,vol_scaled,top300,B,False,0.304,17.0,0.207,0.096,0.819,-0.723,0.33,-2.5,False,False
Option ML return pre|50ETF_option|L10|H60|rank|top300,Option ML return prediction,options,50ETF_option,10,60,rank,top300,C,True,0.298,17.3,0.202,0.096,0.819,-0.723,0.33,-2.5,False,False
PCR/skew/VIX market |300ETF_option|L250|H10|rank|top300,PCR/skew/VIX market timing,options,300ETF_option,250,10,rank,top300,B,True,0.292,17.0,0.198,0.094,0.819,-0.725,0.33,-2.51,False,False
Earnings surprise (P|HK_equity|L20|H5|valu|all,Earnings surprise (PEAD),equity_factor,HK_equity,20,5,value,all,B,True,0.387,24.0,0.293,0.093,0.819,-0.726,0.32,-2.51,False,False
Option ML return pre|50ETF_option|L250|H60|valu|ex_smal,Option ML return prediction,options,50ETF_option,250,60,value,ex_small30,C,True,0.294,17.3,0.202,0.092,0.819,-0.727,0.32,-2.52,False,False
A-H premium converge|AH_pair|L5|H5|valu|all,A-H premium convergence,cross_border,AH_pair,5,5,value,all,C,False,0.292,12.0,0.2,0.092,0.819,-0.727,0.32,-2.52,False,False
Delta-hedged option |50ETF_option|L60|H60|vol_|ex_smal,Delta-hedged option selling,options,50ETF_option,60,60,vol_scaled,ex_small30,B,True,0.426,28.9,0.337,0.089,0.819,-0.73,0.31,-2.53,False,False
Option ML return pre|300ETF_option|L5|H10|equa|ex_smal,Option ML return prediction,options,300ETF_option,5,10,equal,ex_small30,C,True,0.583,42.4,0.495,0.088,0.819,-0.731,0.31,-2.53,False,False
Abnormal turnover|HK_equity|L250|H20|valu|liquid_,Abnormal turnover,equity_factor,HK_equity,250,20,value,liquid_top50pct,B,False,0.454,30.0,0.367,0.088,0.819,-0.731,0.3,-2.53,False,False
Momentum (12-1)|A_share|L5|H5|vol_|all,Momentum (12-1),equity_factor,A_share,5,5,vol_scaled,all,B,True,0.246,16.0,0.16,0.086,0.819,-0.733,0.3,-2.54,False,False
ML cross-sectional (|A_share|L60|H5|vol_|liquid_,ML cross-sectional (alpha101),ml_equity,A_share,60,5,vol_scaled,liquid_top50pct,C,True,0.485,40.0,0.4,0.085,0.819,-0.734,0.29,-2.54,False,False
Abnormal turnover|HK_equity|L20|H10|rank|top300,Abnormal turnover,equity_factor,HK_equity,20,10,rank,top300,B,False,0.603,42.4,0.519,0.084,0.819,-0.735,0.29,-2.55,False,False
Option ML return pre|300ETF_option|L60|H20|vol_|liquid_,Option ML return prediction,options,300ETF_option,60,20,vol_scaled,liquid_top50pct,C,True,0.428,30.0,0.35,0.078,0.819,-0.741,0.27,-2.57,False,False
Deep RL portfolio|A_share|L20|H20|rank|ex_smal,Deep RL portfolio,ml_equity,A_share,20,20,rank,ex_small30,C,True,0.326,25.0,0.25,0.076,0.819,-0.743,0.26,-2.58,False,False
Investment/asset gro|A_share|L120|H1|vol_|top300,Investment/asset growth,equity_factor,A_share,120,1,vol_scaled,top300,B,True,0.254,17.9,0.179,0.075,0.819,-0.744,0.26,-2.58,False,False
Idiosyncratic volati|A_share|L120|H5|equa|all,Idiosyncratic volatility,equity_factor,A_share,120,5,equal,all,B,False,0.313,24.0,0.24,0.073,0.819,-0.746,0.25,-2.58,False,False
Option ML return pre|50ETF_option|L250|H60|rank|top300,Option ML return prediction,options,50ETF_option,250,60,rank,top300,C,True,0.275,17.3,0.202,0.073,0.819,-0.746,0.25,-2.58,False,False
Momentum (12-1)|A_share|L60|H60|equa|all,Momentum (12-1),equity_factor,A_share,60,60,equal,all,B,True,0.119,4.6,0.046,0.072,0.819,-0.747,0.25,-2.59,False,False
Earnings surprise (P|HK_equity|L5|H10|vol_|ex_smal,Earnings surprise (PEAD),equity_factor,HK_equity,5,10,vol_scaled,ex_small30,B,True,0.277,17.0,0.207,0.07,0.819,-0.749,0.24,-2.6,False,False
ML cross-sectional (|A_share|L20|H5|vol_|ex_smal,ML cross-sectional (alpha101),ml_equity,A_share,20,5,vol_scaled,ex_small30,C,True,0.47,40.0,0.4,0.07,0.819,-0.749,0.24,-2.59,False,False
Momentum (12-1)|HK_equity|L5|H5|valu|liquid_,Momentum (12-1),equity_factor,HK_equity,5,5,value,liquid_top50pct,B,True,0.262,16.0,0.196,0.067,0.819,-0.752,0.23,-2.61,False,False
Delta-hedged option |300ETF_option|L20|H10|equa|all,Delta-hedged option selling,options,300ETF_option,20,10,equal,all,B,True,0.892,70.7,0.825,0.067,0.819,-0.752,0.23,-2.61,False,False
Momentum (12-1)|HK_equity|L5|H20|valu|ex_smal,Momentum (12-1),equity_factor,HK_equity,5,20,value,ex_small30,B,True,0.161,8.0,0.098,0.063,0.819,-0.756,0.22,-2.62,False,False
Deep RL portfolio|A_share|L60|H10|equa|all,Deep RL portfolio,ml_equity,A_share,60,10,equal,all,C,True,0.416,35.4,0.354,0.062,0.819,-0.757,0.22,-2.62,False,False
Analyst revisions|HK_equity|L250|H5|vol_|liquid_,Analyst revisions,equity_factor,HK_equity,250,5,vol_scaled,liquid_top50pct,B,True,0.355,24.0,0.293,0.062,0.819,-0.757,0.22,-2.62,False,False
HK TCN/price predict|HK_equity|L250|H60|vol_|liquid_,HK TCN/price prediction,hk_equity,HK_equity,250,60,vol_scaled,liquid_top50pct,C,True,0.269,17.3,0.212,0.057,0.819,-0.762,0.2,-2.64,False,False
Abnormal turnover|A_share|L20|H20|rank|top300,Abnormal turnover,equity_factor,A_share,20,20,rank,top300,B,False,0.355,30.0,0.3,0.055,0.819,-0.764,0.19,-2.65,False,False
Momentum (12-1)|HK_equity|L120|H60|valu|all,Momentum (12-1),equity_factor,HK_equity,120,60,value,all,B,True,0.108,4.6,0.056,0.052,0.819,-0.768,0.18,-2.66,False,False
HK volatility ML tim|HK_equity|L60|H20|equa|top300,HK volatility ML timing,hk_equity,HK_equity,60,20,equal,top300,B,True,0.294,20.0,0.244,0.05,0.819,-0.769,0.17,-2.67,False,False
Convertible bond arb|convertible|L250|H1|equa|ex_smal,Convertible bond arbitrage,cross_asset,convertible,250,1,equal,ex_small30,B,True,0.347,35.8,0.298,0.049,0.819,-0.77,0.17,-2.67,False,False
A-H premium converge|AH_pair|L60|H10|valu|top300,A-H premium convergence,cross_border,AH_pair,60,10,value,top300,C,False,0.188,8.5,0.141,0.046,0.819,-0.773,0.16,-2.68,False,False
Analyst revisions|A_share|L250|H5|rank|top300,Analyst revisions,equity_factor,A_share,250,5,rank,top300,B,True,0.286,24.0,0.24,0.046,0.819,-0.773,0.16,-2.68,False,False
Momentum (12-1)|HK_equity|L20|H60|vol_|liquid_,Momentum (12-1),equity_factor,HK_equity,20,60,vol_scaled,liquid_top50pct,B,True,0.096,4.6,0.056,0.04,0.819,-0.779,0.14,-2.7,False,False
Momentum (12-1)|A_share|L20|H20|vol_|all,Momentum (12-1),equity_factor,A_share,20,20,vol_scaled,all,B,True,0.118,8.0,0.08,0.038,0.819,-0.781,0.13,-2.71,False,False
Profitability/qualit|HK_equity|L5|H1|rank|top300,Profitability/quality,equity_factor,HK_equity,5,1,rank,top300,A,True,0.254,17.9,0.219,0.035,0.819,-0.784,0.12,-2.71,False,False
Momentum (12-1)|HK_equity|L10|H10|rank|all,Momentum (12-1),equity_factor,HK_equity,10,10,rank,all,B,True,0.171,11.3,0.138,0.033,0.819,-0.786,0.11,-2.72,False,False
ML cross-sectional (|A_share|L5|H1|vol_|ex_smal,ML cross-sectional (alpha101),ml_equity,A_share,5,1,vol_scaled,ex_small30,C,True,0.925,89.4,0.894,0.031,0.819,-0.788,0.11,-2.73,False,False
Momentum (12-1)|HK_equity|L250|H5|equa|ex_smal,Momentum (12-1),equity_factor,HK_equity,250,5,equal,ex_small30,B,True,0.225,16.0,0.196,0.03,0.819,-0.789,0.1,-2.73,False,False
PCR/skew/VIX market |300ETF_option|L60|H5|equa|all,PCR/skew/VIX market timing,options,300ETF_option,60,5,equal,all,B,True,0.31,24.0,0.28,0.03,0.819,-0.789,0.1,-2.73,False,False
Options variance ris|50ETF_option|L20|H5|vol_|all,Options variance risk premium,options,50ETF_option,20,5,vol_scaled,all,B,True,0.587,48.0,0.56,0.027,0.819,-0.792,0.09,-2.74,False,False
PCR/skew/VIX market |50ETF_option|L250|H5|vol_|top300,PCR/skew/VIX market timing,options,50ETF_option,250,5,vol_scaled,top300,B,True,0.307,24.0,0.28,0.027,0.819,-0.792,0.09,-2.74,False,False
Options variance ris|300ETF_option|L20|H5|vol_|all,Options variance risk premium,options,300ETF_option,20,5,vol_scaled,all,B,True,0.577,48.0,0.56,0.017,0.819,-0.802,0.06,-2.78,False,False
Abnormal turnover|A_share|L60|H5|vol_|liquid_,Abnormal turnover,equity_factor,A_share,60,5,vol_scaled,liquid_top50pct,B,False,0.617,60.0,0.6,0.017,0.819,-0.802,0.06,-2.78,False,False
Option ML return pre|300ETF_option|L10|H10|vol_|all,Option ML return prediction,options,300ETF_option,10,10,vol_scaled,all,C,True,0.511,42.4,0.495,0.016,0.819,-0.803,0.06,-2.78,False,False
Mispricing composite|HK_equity|L10|H1|valu|all,Mispricing composite (SY),equity_factor,HK_equity,10,1,value,all,B,False,0.452,35.8,0.437,0.014,0.819,-0.805,0.05,-2.79,False,False
Momentum (12-1)|A_share|L5|H5|equa|all,Momentum (12-1),equity_factor,A_share,5,5,equal,all,B,True,0.173,16.0,0.16,0.013,0.819,-0.806,0.05,-2.79,False,False
PCR/skew/VIX market |50ETF_option|L10|H1|equa|top300,PCR/skew/VIX market timing,options,50ETF_option,10,1,equal,top300,B,True,0.639,53.7,0.626,0.013,0.819,-0.806,0.04,-2.79,False,False
HK TCN/price predict|HK_equity|L10|H60|rank|all,HK TCN/price prediction,hk_equity,HK_equity,10,60,rank,all,C,True,0.225,17.3,0.212,0.013,0.819,-0.806,0.05,-2.79,False,False
PCR/skew/VIX market |300ETF_option|L20|H5|valu|top300,PCR/skew/VIX market timing,options,300ETF_option,20,5,value,top300,B,True,0.292,24.0,0.28,0.012,0.819,-0.807,0.04,-2.79,False,False
Analyst revisions|A_share|L10|H5|valu|top300,Analyst revisions,equity_factor,A_share,10,5,value,top300,B,True,0.25,24.0,0.24,0.01,0.819,-0.809,0.03,-2.8,False,False
Earnings surprise (P|HK_equity|L60|H5|equa|ex_smal,Earnings surprise (PEAD),equity_factor,HK_equity,60,5,equal,ex_small30,B,True,0.302,24.0,0.293,0.008,0.819,-0.811,0.03,-2.81,False,False
A-H premium converge|AH_pair|L250|H5|vol_|top300,A-H premium convergence,cross_border,AH_pair,250,5,vol_scaled,top300,C,False,0.203,12.0,0.2,0.003,0.819,-0.816,0.01,-2.83,False,False
HK TCN/price predict|HK_equity|L120|H60|valu|top300,HK TCN/price prediction,hk_equity,HK_equity,120,60,value,top300,C,True,0.213,17.3,0.212,0.002,0.819,-0.817,0.01,-2.83,False,False
Options variance ris|50ETF_option|L20|H5|rank|liquid_,Options variance risk premium,options,50ETF_option,20,5,rank,liquid_top50pct,B,True,0.561,48.0,0.56,0.001,0.819,-0.818,0.0,-2.83,False,False
HK TCN/price predict|HK_equity|L60|H60|rank|top300,HK TCN/price prediction,hk_equity,HK_equity,60,60,rank,top300,C,True,0.213,17.3,0.212,0.001,0.819,-0.818,0.0,-2.83,False,False
ML cross-sectional (|A_share|L10|H1|vol_|ex_smal,ML cross-sectional (alpha101),ml_equity,A_share,10,1,vol_scaled,ex_small30,C,True,0.894,89.4,0.894,-0.001,0.819,-0.82,-0.0,-2.84,False,False
Momentum (12-1)|A_share|L250|H5|equa|top300,Momentum (12-1),equity_factor,A_share,250,5,equal,top300,B,True,0.158,16.0,0.16,-0.002,0.819,-0.821,-0.01,-2.85,False,False
Momentum (12-1)|A_share|L5|H5|rank|ex_smal,Momentum (12-1),equity_factor,A_share,5,5,rank,ex_small30,B,True,0.156,16.0,0.16,-0.004,0.819,-0.823,-0.02,-2.85,False,False
Momentum (12-1)|A_share|L120|H5|valu|all,Momentum (12-1),equity_factor,A_share,120,5,value,all,B,True,0.155,16.0,0.16,-0.005,0.819,-0.824,-0.02,-2.85,False,False
Option ML return pre|300ETF_option|L5|H5|valu|all,Option ML return prediction,options,300ETF_option,5,5,value,all,C,True,0.693,60.0,0.7,-0.007,0.819,-0.826,-0.03,-2.86,False,False
Analyst revisions|A_share|L60|H5|vol_|liquid_,Analyst revisions,equity_factor,A_share,60,5,vol_scaled,liquid_top50pct,B,True,0.232,24.0,0.24,-0.008,0.819,-0.827,-0.03,-2.87,False,False
Earnings surprise (P|A_share|L5|H5|valu|all,Earnings surprise (PEAD),equity_factor,A_share,5,5,value,all,B,True,0.229,24.0,0.24,-0.011,0.819,-0.83,-0.04,-2.88,False,False
Short-term reversal|HK_equity|L120|H5|vol_|top300,Short-term reversal,equity_factor,HK_equity,120,5,vol_scaled,top300,B,False,0.963,80.0,0.978,-0.014,0.819,-0.833,-0.05,-2.89,False,False
Options variance ris|50ETF_option|L20|H5|rank|ex_smal,Options variance risk premium,options,50ETF_option,20,5,rank,ex_small30,B,True,0.544,48.0,0.56,-0.016,0.819,-0.835,-0.06,-2.89,False,False
Short straddle/stran|50ETF_option|L60|H5|vol_|liquid_,Short straddle/strangle (50ETF),options,50ETF_option,60,5,vol_scaled,liquid_top50pct,B,True,0.535,48.0,0.56,-0.025,0.819,-0.844,-0.09,-2.92,False,False
HK volatility ML tim|HK_equity|L120|H10|rank|liquid_,HK volatility ML timing,hk_equity,HK_equity,120,10,rank,liquid_top50pct,B,True,0.317,28.3,0.346,-0.029,0.819,-0.848,-0.1,-2.94,False,False
Options variance ris|300ETF_option|L250|H1|valu|ex_smal,Options variance risk premium,options,300ETF_option,250,1,value,ex_small30,B,True,1.222,107.3,1.252,-0.03,0.819,-0.849,-0.1,-2.94,False,False
HK TCN/price predict|HK_equity|L10|H60|rank|liquid_,HK TCN/price prediction,hk_equity,HK_equity,10,60,rank,liquid_top50pct,C,True,0.179,17.3,0.212,-0.032,0.819,-0.851,-0.11,-2.95,False,False
Deep RL portfolio|HK_equity|L60|H10|equa|liquid_,Deep RL portfolio,ml_equity,HK_equity,60,10,equal,liquid_top50pct,C,True,0.393,35.4,0.432,-0.039,0.819,-0.858,-0.13,-2.97,False,False
Analyst revisions|HK_equity|L250|H5|valu|ex_smal,Analyst revisions,equity_factor,HK_equity,250,5,value,ex_small30,B,True,0.252,24.0,0.293,-0.042,0.819,-0.861,-0.14,-2.98,False,False
Momentum (12-1)|HK_equity|L20|H5|rank|top300,Momentum (12-1),equity_factor,HK_equity,20,5,rank,top300,B,True,0.148,16.0,0.196,-0.047,0.819,-0.866,-0.16,-3.0,False,False
Idiosyncratic volati|A_share|L20|H1|equa|liquid_,Idiosyncratic volatility,equity_factor,A_share,20,1,equal,liquid_top50pct,B,False,0.489,53.7,0.537,-0.048,0.819,-0.867,-0.17,-3.0,False,False
Delta-hedged option |300ETF_option|L20|H10|valu|liquid_,Delta-hedged option selling,options,300ETF_option,20,10,value,liquid_top50pct,B,True,0.775,70.7,0.825,-0.05,0.819,-0.869,-0.17,-3.01,False,False
Abnormal turnover|HK_equity|L250|H10|equa|top300,Abnormal turnover,equity_factor,HK_equity,250,10,equal,top300,B,False,0.467,42.4,0.519,-0.052,0.819,-0.871,-0.18,-3.02,False,False
Momentum (12-1)|HK_equity|L20|H5|equa|top300,Momentum (12-1),equity_factor,HK_equity,20,5,equal,top300,B,True,0.141,16.0,0.196,-0.055,0.819,-0.874,-0.19,-3.03,False,False
Analyst revisions|HK_equity|L60|H5|vol_|liquid_,Analyst revisions,equity_factor,HK_equity,60,5,vol_scaled,liquid_top50pct,B,True,0.236,24.0,0.293,-0.058,0.819,-0.877,-0.2,-3.04,False,False
HK TCN/price predict|HK_equity|L5|H20|vol_|top300,HK TCN/price prediction,hk_equity,HK_equity,5,20,vol_scaled,top300,C,True,0.302,30.0,0.367,-0.065,0.819,-0.884,-0.22,-3.06,False,False
HK volatility ML tim|HK_equity|L5|H20|rank|ex_smal,HK volatility ML timing,hk_equity,HK_equity,5,20,rank,ex_small30,B,True,0.178,20.0,0.244,-0.066,0.819,-0.885,-0.23,-3.07,False,False
Abnormal turnover|HK_equity|L20|H10|equa|ex_smal,Abnormal turnover,equity_factor,HK_equity,20,10,equal,ex_small30,B,False,0.448,42.4,0.519,-0.071,0.819,-0.89,-0.25,-3.08,False,False
Abnormal turnover|HK_equity|L10|H10|valu|top300,Abnormal turnover,equity_factor,HK_equity,10,10,value,top300,B,False,0.445,42.4,0.519,-0.074,0.819,-0.893,-0.26,-3.09,False,False
Abnormal turnover|HK_equity|L250|H10|rank|all,Abnormal turnover,equity_factor,HK_equity,250,10,rank,all,B,False,0.444,42.4,0.519,-0.074,0.819,-0.893,-0.26,-3.09,False,False
Momentum (12-1)|HK_equity|L250|H5|equa|liquid_,Momentum (12-1),equity_factor,HK_equity,250,5,equal,liquid_top50pct,B,True,0.116,16.0,0.196,-0.08,0.819,-0.899,-0.28,-3.11,False,False
Analyst revisions|A_share|L5|H5|equa|all,Analyst revisions,equity_factor,A_share,5,5,equal,all,B,True,0.157,24.0,0.24,-0.083,0.819,-0.902,-0.29,-3.13,False,False
Idiosyncratic volati|A_share|L10|H1|vol_|top300,Idiosyncratic volatility,equity_factor,A_share,10,1,vol_scaled,top300,B,False,0.45,53.7,0.537,-0.087,0.819,-0.906,-0.3,-3.14,False,False
Option ML return pre|300ETF_option|L60|H5|equa|liquid_,Option ML return prediction,options,300ETF_option,60,5,equal,liquid_top50pct,C,True,0.613,60.0,0.7,-0.087,0.819,-0.906,-0.3,-3.14,False,False
HK TCN/price predict|HK_equity|L10|H20|vol_|top300,HK TCN/price prediction,hk_equity,HK_equity,10,20,vol_scaled,top300,C,True,0.278,30.0,0.367,-0.089,0.819,-0.908,-0.31,-3.14,False,False
HK TCN/price predict|HK_equity|L60|H20|rank|ex_smal,HK TCN/price prediction,hk_equity,HK_equity,60,20,rank,ex_small30,C,True,0.272,30.0,0.367,-0.094,0.819,-0.913,-0.33,-3.16,False,False
Momentum (12-1)|HK_equity|L250|H5|rank|all,Momentum (12-1),equity_factor,HK_equity,250,5,rank,all,B,True,0.098,16.0,0.196,-0.097,0.819,-0.916,-0.34,-3.17,False,False
Earnings surprise (P|A_share|L5|H1|vol_|ex_smal,Earnings surprise (PEAD),equity_factor,A_share,5,1,vol_scaled,ex_small30,B,True,0.44,53.7,0.537,-0.097,0.819,-0.916,-0.34,-3.17,False,False
Momentum (12-1)|HK_equity|L5|H5|vol_|all,Momentum (12-1),equity_factor,HK_equity,5,5,vol_scaled,all,B,True,0.096,16.0,0.196,-0.1,0.819,-0.919,-0.34,-3.18,False,False
Short-term reversal|A_share|L20|H10|rank|all,Short-term reversal,equity_factor,A_share,20,10,rank,all,B,False,0.455,56.6,0.566,-0.111,0.819,-0.93,-0.38,-3.22,False,False
Idiosyncratic volati|A_share|L5|H1|equa|ex_smal,Idiosyncratic volatility,equity_factor,A_share,5,1,equal,ex_small30,B,False,0.419,53.7,0.537,-0.117,0.819,-0.936,-0.41,-3.24,False,False
Momentum (12-1)|A_share|L10|H1|vol_|all,Momentum (12-1),equity_factor,A_share,10,1,vol_scaled,all,B,True,0.238,35.8,0.358,-0.12,0.819,-0.939,-0.42,-3.25,False,False
PCR/skew/VIX market |50ETF_option|L60|H1|equa|ex_smal,PCR/skew/VIX market timing,options,50ETF_option,60,1,equal,ex_small30,B,True,0.502,53.7,0.626,-0.124,0.819,-0.943,-0.43,-3.27,False,False
Momentum (12-1)|HK_equity|L20|H1|rank|ex_smal,Momentum (12-1),equity_factor,HK_equity,20,1,rank,ex_small30,B,True,0.314,35.8,0.437,-0.124,0.819,-0.943,-0.43,-3.27,False,False
Delta-hedged option |50ETF_option|L5|H10|rank|ex_smal,Delta-hedged option selling,options,50ETF_option,5,10,rank,ex_small30,B,True,0.7,70.7,0.825,-0.125,0.819,-0.944,-0.43,-3.27,False,False
HK volatility ML tim|HK_equity|L10|H10|rank|liquid_,HK volatility ML timing,hk_equity,HK_equity,10,10,rank,liquid_top50pct,B,True,0.211,28.3,0.346,-0.134,0.819,-0.953,-0.47,-3.3,False,False
Momentum (12-1)|A_share|L60|H1|equa|all,Momentum (12-1),equity_factor,A_share,60,1,equal,all,B,True,0.223,35.8,0.358,-0.135,0.819,-0.954,-0.47,-3.31,False,False
Earnings surprise (P|A_share|L120|H1|equa|ex_smal,Earnings surprise (PEAD),equity_factor,A_share,120,1,equal,ex_small30,B,True,0.401,53.7,0.537,-0.135,0.819,-0.954,-0.47,-3.31,False,False
PCR/skew/VIX market |300ETF_option|L10|H1|vol_|ex_smal,PCR/skew/VIX market timing,options,300ETF_option,10,1,vol_scaled,ex_small30,B,True,0.486,53.7,0.626,-0.14,0.819,-0.96,-0.49,-3.32,False,False
Option ML return pre|50ETF_option|L250|H10|valu|liquid_,Option ML return prediction,options,50ETF_option,250,10,value,liquid_top50pct,C,True,0.35,42.4,0.495,-0.145,0.819,-0.964,-0.5,-3.34,False,False
Idiosyncratic volati|A_share|L5|H1|vol_|top300,Idiosyncratic volatility,equity_factor,A_share,5,1,vol_scaled,top300,B,False,0.392,53.7,0.537,-0.145,0.819,-0.964,-0.5,-3.34,False,False
Idiosyncratic volati|HK_equity|L20|H1|equa|all,Idiosyncratic volatility,equity_factor,HK_equity,20,1,equal,all,B,False,0.5,53.7,0.656,-0.156,0.819,-0.975,-0.54,-3.38,False,False
Idiosyncratic volati|A_share|L250|H1|rank|all,Idiosyncratic volatility,equity_factor,A_share,250,1,rank,all,B,False,0.376,53.7,0.537,-0.161,0.819,-0.98,-0.56,-3.4,False,False
Option ML return pre|300ETF_option|L10|H5|equa|all,Option ML return prediction,options,300ETF_option,10,5,equal,all,C,True,0.526,60.0,0.7,-0.174,0.819,-0.993,-0.6,-3.44,False,False
HK TCN/price predict|HK_equity|L120|H20|vol_|top300,HK TCN/price prediction,hk_equity,HK_equity,120,20,vol_scaled,top300,C,True,0.19,30.0,0.367,-0.177,0.819,-0.996,-0.61,-3.45,False,False
Option ML return pre|300ETF_option|L250|H10|rank|top300,Option ML return prediction,options,300ETF_option,250,10,rank,top300,C,True,0.313,42.4,0.495,-0.182,0.819,-1.001,-0.63,-3.47,False,False
ML cross-sectional (|HK_equity|L120|H1|rank|ex_smal,ML cross-sectional (alpha101),ml_equity,HK_equity,120,1,rank,ex_small30,C,True,0.911,89.4,1.093,-0.182,0.819,-1.001,-0.63,-3.47,False,False
Idiosyncratic volati|A_share|L60|H1|vol_|top300,Idiosyncratic volatility,equity_factor,A_share,60,1,vol_scaled,top300,B,False,0.351,53.7,0.537,-0.185,0.819,-1.004,-0.64,-3.48,False,False
HK volatility ML tim|HK_equity|L20|H5|vol_|all,HK volatility ML timing,hk_equity,HK_equity,20,5,vol_scaled,all,B,True,0.3,40.0,0.489,-0.189,0.819,-1.008,-0.65,-3.49,False,False
Idiosyncratic volati|HK_equity|L60|H1|valu|ex_smal,Idiosyncratic volatility,equity_factor,HK_equity,60,1,value,ex_small30,B,False,0.464,53.7,0.656,-0.192,0.819,-1.011,-0.66,-3.5,False,False
Delta-hedged option |50ETF_option|L20|H5|rank|ex_smal,Delta-hedged option selling,options,50ETF_option,20,5,rank,ex_small30,B,True,0.972,100.0,1.167,-0.195,0.819,-1.014,-0.67,-3.51,False,False
Options variance ris|300ETF_option|L60|H1|rank|ex_smal,Options variance risk premium,options,300ETF_option,60,1,rank,ex_small30,B,True,1.044,107.3,1.252,-0.209,0.819,-1.028,-0.72,-3.56,False,False
Momentum (12-1)|HK_equity|L60|H1|equa|ex_smal,Momentum (12-1),equity_factor,HK_equity,60,1,equal,ex_small30,B,True,0.227,35.8,0.437,-0.21,0.819,-1.029,-0.73,-3.57,False,False
Earnings surprise (P|HK_equity|L60|H1|vol_|all,Earnings surprise (PEAD),equity_factor,HK_equity,60,1,vol_scaled,all,B,True,0.439,53.7,0.656,-0.217,0.819,-1.036,-0.75,-3.59,False,False
Analyst revisions|HK_equity|L10|H1|valu|top300,Analyst revisions,equity_factor,HK_equity,10,1,value,top300,B,True,0.438,53.7,0.656,-0.218,0.819,-1.037,-0.76,-3.59,False,False
ML cross-sectional (|HK_equity|L250|H1|valu|all,ML cross-sectional (alpha101),ml_equity,HK_equity,250,1,value,all,C,True,0.874,89.4,1.093,-0.219,0.819,-1.038,-0.76,-3.6,False,False
PCR/skew/VIX market |50ETF_option|L250|H1|equa|liquid_,PCR/skew/VIX market timing,options,50ETF_option,250,1,equal,liquid_top50pct,B,True,0.406,53.7,0.626,-0.22,0.819,-1.039,-0.76,-3.6,False,False
Option ML return pre|50ETF_option|L250|H10|rank|liquid_,Option ML return prediction,options,50ETF_option,250,10,rank,liquid_top50pct,C,True,0.275,42.4,0.495,-0.22,0.819,-1.039,-0.76,-3.6,False,False
ML cross-sectional (|HK_equity|L120|H1|vol_|liquid_,ML cross-sectional (alpha101),ml_equity,HK_equity,120,1,vol_scaled,liquid_top50pct,C,True,0.864,89.4,1.093,-0.229,0.819,-1.048,-0.79,-3.63,False,False
Delta-hedged option |50ETF_option|L250|H20|valu|all,Delta-hedged option selling,options,50ETF_option,250,20,value,all,B,True,0.352,50.0,0.583,-0.232,0.819,-1.051,-0.8,-3.64,False,False
ML cross-sectional (|HK_equity|L250|H1|vol_|top300,ML cross-sectional (alpha101),ml_equity,HK_equity,250,1,vol_scaled,top300,C,True,0.861,89.4,1.093,-0.232,0.819,-1.051,-0.8,-3.64,False,False
ML cross-sectional (|HK_equity|L120|H1|vol_|top300,ML cross-sectional (alpha101),ml_equity,HK_equity,120,1,vol_scaled,top300,C,True,0.86,89.4,1.093,-0.233,0.819,-1.052,-0.81,-3.64,False,False
Delta-hedged option |300ETF_option|L10|H5|vol_|liquid_,Delta-hedged option selling,options,300ETF_option,10,5,vol_scaled,liquid_top50pct,B,True,0.932,100.0,1.167,-0.235,0.819,-1.054,-0.81,-3.65,False,False
Idiosyncratic volati|HK_equity|L60|H1|equa|top300,Idiosyncratic volatility,equity_factor,HK_equity,60,1,equal,top300,B,False,0.416,53.7,0.656,-0.24,0.819,-1.059,-0.83,-3.67,False,False
Momentum (12-1)|A_share|L60|H1|equa|ex_smal,Momentum (12-1),equity_factor,A_share,60,1,equal,ex_small30,B,True,0.116,35.8,0.358,-0.242,0.819,-1.061,-0.84,-3.67,False,False
Abnormal turnover|HK_equity|L20|H5|vol_|liquid_,Abnormal turnover,equity_factor,HK_equity,20,5,vol_scaled,liquid_top50pct,B,False,0.492,60.0,0.733,-0.242,0.819,-1.061,-0.84,-3.67,False,False
Delta-hedged option |300ETF_option|L120|H10|valu|all,Delta-hedged option selling,options,300ETF_option,120,10,value,all,B,True,0.579,70.7,0.825,-0.246,0.819,-1.065,-0.85,-3.69,False,False
HK TCN/price predict|HK_equity|L20|H20|vol_|liquid_,HK TCN/price prediction,hk_equity,HK_equity,20,20,vol_scaled,liquid_top50pct,C,True,0.118,30.0,0.367,-0.248,0.819,-1.067,-0.86,-3.7,False,False
HK TCN/price predict|HK_equity|L20|H10|valu|ex_smal,HK TCN/price prediction,hk_equity,HK_equity,20,10,value,ex_small30,C,True,0.271,42.4,0.519,-0.248,0.819,-1.067,-0.86,-3.7,False,False
Idiosyncratic volati|A_share|L10|H1|vol_|liquid_,Idiosyncratic volatility,equity_factor,A_share,10,1,vol_scaled,liquid_top50pct,B,False,0.287,53.7,0.537,-0.249,0.819,-1.068,-0.86,-3.7,False,False
Analyst revisions|A_share|L10|H1|rank|liquid_,Analyst revisions,equity_factor,A_share,10,1,rank,liquid_top50pct,B,True,0.284,53.7,0.537,-0.252,0.819,-1.071,-0.87,-3.71,False,False
Option ML return pre|300ETF_option|L250|H10|rank|all,Option ML return prediction,options,300ETF_option,250,10,rank,all,C,True,0.241,42.4,0.495,-0.254,0.819,-1.073,-0.88,-3.72,False,False
Idiosyncratic volati|A_share|L20|H1|vol_|all,Idiosyncratic volatility,equity_factor,A_share,20,1,vol_scaled,all,B,False,0.278,53.7,0.537,-0.259,0.819,-1.078,-0.9,-3.73,False,False
ML cross-sectional (|HK_equity|L5|H1|vol_|all,ML cross-sectional (alpha101),ml_equity,HK_equity,5,1,vol_scaled,all,C,True,0.833,89.4,1.093,-0.26,0.819,-1.079,-0.9,-3.74,False,False
HK TCN/price predict|HK_equity|L20|H20|valu|ex_smal,HK TCN/price prediction,hk_equity,HK_equity,20,20,value,ex_small30,C,True,0.106,30.0,0.367,-0.261,0.819,-1.08,-0.9,-3.74,False,False
HK TCN/price predict|HK_equity|L120|H20|valu|top300,HK TCN/price prediction,hk_equity,HK_equity,120,20,value,top300,C,True,0.091,30.0,0.367,-0.276,0.819,-1.095,-0.95,-3.79,False,False
Option ML return pre|300ETF_option|L5|H5|valu|ex_smal,Option ML return prediction,options,300ETF_option,5,5,value,ex_small30,C,True,0.422,60.0,0.7,-0.278,0.819,-1.097,-0.96,-3.8,False,False
Momentum (12-1)|A_share|L250|H1|valu|all,Momentum (12-1),equity_factor,A_share,250,1,value,all,B,True,0.069,35.8,0.358,-0.288,0.819,-1.107,-1.0,-3.84,False,False
Delta-hedged option |50ETF_option|L20|H10|vol_|top300,Delta-hedged option selling,options,50ETF_option,20,10,vol_scaled,top300,B,True,0.535,70.7,0.825,-0.29,0.819,-1.109,-1.0,-3.84,False,False
Delta-hedged option |50ETF_option|L250|H10|valu|ex_smal,Delta-hedged option selling,options,50ETF_option,250,10,value,ex_small30,B,True,0.533,70.7,0.825,-0.292,0.819,-1.111,-1.01,-3.85,False,False
HK volatility ML tim|HK_equity|L5|H5|rank|ex_smal,HK volatility ML timing,hk_equity,HK_equity,5,5,rank,ex_small30,B,True,0.193,40.0,0.489,-0.296,0.819,-1.115,-1.02,-3.86,False,False
Options variance ris|300ETF_option|L250|H1|valu|all,Options variance risk premium,options,300ETF_option,250,1,value,all,B,True,0.943,107.3,1.252,-0.309,0.819,-1.128,-1.07,-3.91,False,False
HK TCN/price predict|HK_equity|L60|H20|equa|liquid_,HK TCN/price prediction,hk_equity,HK_equity,60,20,equal,liquid_top50pct,C,True,0.056,30.0,0.367,-0.31,0.819,-1.129,-1.08,-3.91,False,False
Short straddle/stran|300ETF_option|L250|H1|valu|ex_smal,Short straddle/strangle (50ETF),options,300ETF_option,250,1,value,ex_small30,B,True,0.939,107.3,1.252,-0.313,0.819,-1.132,-1.09,-3.92,False,False
ML cross-sectional (|HK_equity|L20|H1|vol_|top300,ML cross-sectional (alpha101),ml_equity,HK_equity,20,1,vol_scaled,top300,C,True,0.775,89.4,1.093,-0.318,0.819,-1.137,-1.1,-3.94,False,False
PCR/skew/VIX market |300ETF_option|L60|H1|vol_|all,PCR/skew/VIX market timing,options,300ETF_option,60,1,vol_scaled,all,B,True,0.302,53.7,0.626,-0.324,0.819,-1.143,-1.12,-3.96,False,False
Idiosyncratic volati|HK_equity|L120|H1|equa|top300,Idiosyncratic volatility,equity_factor,HK_equity,120,1,equal,top300,B,False,0.331,53.7,0.656,-0.325,0.819,-1.144,-1.12,-3.96,False,False
Delta-hedged option |50ETF_option|L20|H10|equa|top300,Delta-hedged option selling,options,50ETF_option,20,10,equal,top300,B,True,0.498,70.7,0.825,-0.327,0.819,-1.146,-1.13,-3.97,False,False
Analyst revisions|HK_equity|L250|H1|valu|all,Analyst revisions,equity_factor,HK_equity,250,1,value,all,B,True,0.327,53.7,0.656,-0.329,0.819,-1.148,-1.14,-3.98,False,False
HK TCN/price predict|HK_equity|L60|H10|valu|all,HK TCN/price prediction,hk_equity,HK_equity,60,10,value,all,C,True,0.186,42.4,0.519,-0.332,0.819,-1.151,-1.15,-3.99,False,False
ML cross-sectional (|A_share|L60|H1|valu|all,ML cross-sectional (alpha101),ml_equity,A_share,60,1,value,all,C,True,0.537,89.4,0.894,-0.357,0.819,-1.176,-1.24,-4.08,False,False
Abnormal turnover|HK_equity|L120|H5|equa|top300,Abnormal turnover,equity_factor,HK_equity,120,5,equal,top300,B,False,0.364,60.0,0.733,-0.369,0.819,-1.188,-1.28,-4.12,False,False
Earnings surprise (P|HK_equity|L250|H1|vol_|top300,Earnings surprise (PEAD),equity_factor,HK_equity,250,1,vol_scaled,top300,B,True,0.27,53.7,0.656,-0.386,0.819,-1.205,-1.34,-4.17,False,False
Short straddle/stran|300ETF_option|L120|H1|equa|all,Short straddle/strangle (50ETF),options,300ETF_option,120,1,equal,all,B,True,0.852,107.3,1.252,-0.401,0.819,-1.22,-1.39,-4.23,False,False
HK TCN/price predict|HK_equity|L60|H10|rank|ex_smal,HK TCN/price prediction,hk_equity,HK_equity,60,10,rank,ex_small30,C,True,0.116,42.4,0.519,-0.402,0.819,-1.221,-1.39,-4.23,False,False
Option ML return pre|300ETF_option|L20|H5|rank|all,Option ML return prediction,options,300ETF_option,20,5,rank,all,C,True,0.289,60.0,0.7,-0.411,0.819,-1.23,-1.42,-4.26,False,False
Abnormal turnover|HK_equity|L10|H5|equa|top300,Abnormal turnover,equity_factor,HK_equity,10,5,equal,top300,B,False,0.317,60.0,0.733,-0.416,0.819,-1.235,-1.44,-4.28,False,False
Delta-hedged option |300ETF_option|L20|H5|rank|top300,Delta-hedged option selling,options,300ETF_option,20,5,rank,top300,B,True,0.747,100.0,1.167,-0.419,0.819,-1.238,-1.45,-4.29,False,False
Idiosyncratic volati|HK_equity|L5|H1|equa|all,Idiosyncratic volatility,equity_factor,HK_equity,5,1,equal,all,B,False,0.232,53.7,0.656,-0.424,0.819,-1.243,-1.47,-4.31,False,False
Delta-hedged option |300ETF_option|L60|H10|rank|ex_smal,Delta-hedged option selling,options,300ETF_option,60,10,rank,ex_small30,B,True,0.396,70.7,0.825,-0.429,0.819,-1.248,-1.49,-4.32,False,False
Analyst revisions|HK_equity|L20|H1|vol_|all,Analyst revisions,equity_factor,HK_equity,20,1,vol_scaled,all,B,True,0.219,53.7,0.656,-0.437,0.819,-1.256,-1.51,-4.35,False,False
Analyst revisions|HK_equity|L10|H1|vol_|all,Analyst revisions,equity_factor,HK_equity,10,1,vol_scaled,all,B,True,0.203,53.7,0.656,-0.453,0.819,-1.272,-1.57,-4.41,False,False
Analyst revisions|HK_equity|L60|H1|equa|top300,Analyst revisions,equity_factor,HK_equity,60,1,equal,top300,B,True,0.197,53.7,0.656,-0.459,0.819,-1.278,-1.59,-4.43,False,False
HK TCN/price predict|HK_equity|L5|H10|equa|liquid_,HK TCN/price prediction,hk_equity,HK_equity,5,10,equal,liquid_top50pct,C,True,0.055,42.4,0.519,-0.463,0.819,-1.282,-1.6,-4.44,False,False
Delta-hedged option |300ETF_option|L5|H10|rank|all,Delta-hedged option selling,options,300ETF_option,5,10,rank,all,B,True,0.36,70.7,0.825,-0.464,0.819,-1.284,-1.61,-4.45,False,False
Short-term reversal|HK_equity|L10|H5|vol_|top300,Short-term reversal,equity_factor,HK_equity,10,5,vol_scaled,top300,B,False,0.497,80.0,0.978,-0.481,0.819,-1.3,-1.67,-4.5,False,False
Delta-hedged option |300ETF_option|L60|H5|rank|liquid_,Delta-hedged option selling,options,300ETF_option,60,5,rank,liquid_top50pct,B,True,0.677,100.0,1.167,-0.489,0.819,-1.308,-1.7,-4.53,False,False
Deep RL portfolio|HK_equity|L120|H1|rank|ex_smal,Deep RL portfolio,ml_equity,HK_equity,120,1,rank,ex_small30,C,True,0.872,111.8,1.366,-0.495,0.819,-1.314,-1.71,-4.55,False,False
Delta-hedged option |50ETF_option|L120|H5|valu|liquid_,Delta-hedged option selling,options,50ETF_option,120,5,value,liquid_top50pct,B,True,0.66,100.0,1.167,-0.506,0.819,-1.325,-1.75,-4.59,False,False
Delta-hedged option |50ETF_option|L250|H5|rank|top300,Delta-hedged option selling,options,50ETF_option,250,5,rank,top300,B,True,0.66,100.0,1.167,-0.506,0.819,-1.326,-1.75,-4.59,False,False
ML cross-sectional (|A_share|L20|H1|rank|all,ML cross-sectional (alpha101),ml_equity,A_share,20,1,rank,all,C,True,0.38,89.4,0.894,-0.515,0.819,-1.334,-1.78,-4.62,False,False
HK TCN/price predict|HK_equity|L120|H5|rank|liquid_,HK TCN/price prediction,hk_equity,HK_equity,120,5,rank,liquid_top50pct,C,True,0.216,60.0,0.733,-0.518,0.819,-1.337,-1.79,-4.63,False,False
Short-term reversal|HK_equity|L250|H5|equa|liquid_,Short-term reversal,equity_factor,HK_equity,250,5,equal,liquid_top50pct,B,False,0.445,80.0,0.978,-0.532,0.819,-1.352,-1.84,-4.68,False,False
HK TCN/price predict|HK_equity|L5|H5|vol_|ex_smal,HK TCN/price prediction,hk_equity,HK_equity,5,5,vol_scaled,ex_small30,C,True,0.191,60.0,0.733,-0.542,0.819,-1.361,-1.88,-4.71,False,False
ML cross-sectional (|HK_equity|L20|H1|equa|ex_smal,ML cross-sectional (alpha101),ml_equity,HK_equity,20,1,equal,ex_small30,C,True,0.547,89.4,1.093,-0.546,0.819,-1.365,-1.89,-4.73,False,False
HK TCN/price predict|HK_equity|L250|H5|valu|all,HK TCN/price prediction,hk_equity,HK_equity,250,5,value,all,C,True,0.182,60.0,0.733,-0.551,0.819,-1.37,-1.91,-4.75,False,False
Delta-hedged option |300ETF_option|L10|H5|valu|liquid_,Delta-hedged option selling,options,300ETF_option,10,5,value,liquid_top50pct,B,True,0.614,100.0,1.167,-0.552,0.819,-1.371,-1.91,-4.75,False,False
HK TCN/price predict|HK_equity|L20|H5|equa|all,HK TCN/price prediction,hk_equity,HK_equity,20,5,equal,all,C,True,0.181,60.0,0.733,-0.553,0.819,-1.372,-1.92,-4.75,False,False
Deep RL portfolio|A_share|L10|H1|equa|top300,Deep RL portfolio,ml_equity,A_share,10,1,equal,top300,C,True,0.561,111.8,1.118,-0.557,0.819,-1.376,-1.93,-4.77,False,False
HK TCN/price predict|HK_equity|L5|H5|rank|top300,HK TCN/price prediction,hk_equity,HK_equity,5,5,rank,top300,C,True,0.161,60.0,0.733,-0.572,0.819,-1.391,-1.98,-4.82,False,False
HK TCN/price predict|HK_equity|L5|H5|rank|ex_smal,HK TCN/price prediction,hk_equity,HK_equity,5,5,rank,ex_small30,C,True,0.13,60.0,0.733,-0.604,0.819,-1.423,-2.09,-4.93,False,False
HK TCN/price predict|HK_equity|L60|H5|equa|top300,HK TCN/price prediction,hk_equity,HK_equity,60,5,equal,top300,C,True,0.126,60.0,0.733,-0.608,0.819,-1.427,-2.11,-4.94,False,False
ML cross-sectional (|HK_equity|L5|H1|vol_|liquid_,ML cross-sectional (alpha101),ml_equity,HK_equity,5,1,vol_scaled,liquid_top50pct,C,True,0.485,89.4,1.093,-0.609,0.819,-1.428,-2.11,-4.95,False,False
Abnormal turnover|A_share|L60|H1|vol_|top300,Abnormal turnover,equity_factor,A_share,60,1,vol_scaled,top300,B,False,0.67,134.2,1.342,-0.672,0.819,-1.491,-2.33,-5.16,False,False
HK TCN/price predict|HK_equity|L60|H5|rank|ex_smal,HK TCN/price prediction,hk_equity,HK_equity,60,5,rank,ex_small30,C,True,0.056,60.0,0.733,-0.677,0.819,-1.496,-2.35,-5.18,False,False
Delta-hedged option |50ETF_option|L10|H5|rank|liquid_,Delta-hedged option selling,options,50ETF_option,10,5,rank,liquid_top50pct,B,True,0.481,100.0,1.167,-0.686,0.819,-1.505,-2.38,-5.21,False,False
Options variance ris|300ETF_option|L5|H1|rank|liquid_,Options variance risk premium,options,300ETF_option,5,1,rank,liquid_top50pct,B,True,0.54,107.3,1.252,-0.712,0.819,-1.531,-2.47,-5.3,False,False
Delta-hedged option |300ETF_option|L250|H5|rank|liquid_,Delta-hedged option selling,options,300ETF_option,250,5,rank,liquid_top50pct,B,True,0.368,100.0,1.167,-0.798,0.819,-1.618,-2.77,-5.6,False,False
Delta-hedged option |300ETF_option|L250|H5|valu|all,Delta-hedged option selling,options,300ETF_option,250,5,value,all,B,True,0.343,100.0,1.167,-0.823,0.819,-1.642,-2.85,-5.69,False,False
Abnormal turnover|A_share|L5|H1|rank|all,Abnormal turnover,equity_factor,A_share,5,1,rank,all,B,False,0.487,134.2,1.342,-0.855,0.819,-1.674,-2.96,-5.8,False,False
Option ML return pre|300ETF_option|L60|H1|vol_|ex_smal,Option ML return prediction,options,300ETF_option,60,1,vol_scaled,ex_small30,C,True,0.683,134.2,1.565,-0.883,0.819,-1.702,-3.06,-5.89,False,False
HK volatility ML tim|HK_equity|L120|H1|equa|top300,HK volatility ML timing,hk_equity,HK_equity,120,1,equal,top300,B,True,0.203,89.4,1.093,-0.89,0.819,-1.709,-3.08,-5.92,False,False
HK volatility ML tim|HK_equity|L20|H1|equa|all,HK volatility ML timing,hk_equity,HK_equity,20,1,equal,all,B,True,0.183,89.4,1.093,-0.91,0.819,-1.729,-3.15,-5.99,False,False
HK volatility ML tim|HK_equity|L250|H1|equa|liquid_,HK volatility ML timing,hk_equity,HK_equity,250,1,equal,liquid_top50pct,B,True,0.136,89.4,1.093,-0.957,0.819,-1.776,-3.31,-6.15,False,False
Abnormal turnover|HK_equity|L20|H1|valu|all,Abnormal turnover,equity_factor,HK_equity,20,1,value,all,B,False,0.623,134.2,1.64,-1.016,0.819,-1.835,-3.52,-6.36,False,False
Deep RL portfolio|HK_equity|L10|H1|vol_|all,Deep RL portfolio,ml_equity,HK_equity,10,1,vol_scaled,all,C,True,0.34,111.8,1.366,-1.027,0.819,-1.846,-3.56,-6.39,False,False
Abnormal turnover|A_share|L20|H1|vol_|liquid_,Abnormal turnover,equity_factor,A_share,20,1,vol_scaled,liquid_top50pct,B,False,0.291,134.2,1.342,-1.05,0.819,-1.869,-3.64,-6.48,False,False
Short-term reversal|A_share|L5|H1|valu|liquid_,Short-term reversal,equity_factor,A_share,5,1,value,liquid_top50pct,B,False,0.715,178.9,1.789,-1.074,0.819,-1.893,-3.72,-6.56,False,False
Abnormal turnover|HK_equity|L60|H1|valu|all,Abnormal turnover,equity_factor,HK_equity,60,1,value,all,B,False,0.535,134.2,1.64,-1.105,0.819,-1.924,-3.83,-6.66,False,False
Short-term reversal|A_share|L5|H1|rank|top300,Short-term reversal,equity_factor,A_share,5,1,rank,top300,B,False,0.658,178.9,1.789,-1.13,0.819,-1.95,-3.92,-6.75,False,False
Deep RL portfolio|HK_equity|L5|H1|rank|all,Deep RL portfolio,ml_equity,HK_equity,5,1,rank,all,C,True,0.228,111.8,1.366,-1.138,0.819,-1.957,-3.94,-6.78,False,False
Abnormal turnover|HK_equity|L120|H1|vol_|all,Abnormal turnover,equity_factor,HK_equity,120,1,vol_scaled,all,B,False,0.481,134.2,1.64,-1.159,0.819,-1.978,-4.01,-6.85,False,False
Short-term reversal|A_share|L250|H1|rank|all,Short-term reversal,equity_factor,A_share,250,1,rank,all,B,False,0.627,178.9,1.789,-1.162,0.819,-1.981,-4.02,-6.86,False,False
Short-term reversal|A_share|L20|H1|valu|liquid_,Short-term reversal,equity_factor,A_share,20,1,value,liquid_top50pct,B,False,0.598,178.9,1.789,-1.191,0.819,-2.01,-4.13,-6.96,False,False
Option ML return pre|50ETF_option|L250|H1|rank|all,Option ML return prediction,options,50ETF_option,250,1,rank,all,C,True,0.285,134.2,1.565,-1.28,0.819,-2.099,-4.44,-7.27,False,False
Option ML return pre|50ETF_option|L20|H1|equa|liquid_,Option ML return prediction,options,50ETF_option,20,1,equal,liquid_top50pct,C,True,0.266,134.2,1.565,-1.3,0.819,-2.119,-4.5,-7.34,False,False
Short-term reversal|HK_equity|L10|H1|valu|liquid_,Short-term reversal,equity_factor,HK_equity,10,1,value,liquid_top50pct,B,False,0.876,178.9,2.186,-1.31,0.819,-2.129,-4.54,-7.38,False,False
Short-term reversal|HK_equity|L10|H1|rank|ex_smal,Short-term reversal,equity_factor,HK_equity,10,1,rank,ex_small30,B,False,0.739,178.9,2.186,-1.447,0.819,-2.266,-5.01,-7.85,False,False
Short-term reversal|A_share|L10|H1|equa|liquid_,Short-term reversal,equity_factor,A_share,10,1,equal,liquid_top50pct,B,False,0.324,178.9,1.789,-1.465,0.819,-2.284,-5.08,-7.91,False,False
HK TCN/price predict|HK_equity|L60|H1|rank|top300,HK TCN/price prediction,hk_equity,HK_equity,60,1,rank,top300,C,True,0.128,134.2,1.64,-1.511,0.819,-2.33,-5.24,-8.07,False,False
HK TCN/price predict|HK_equity|L5|H1|valu|all,HK TCN/price prediction,hk_equity,HK_equity,5,1,value,all,C,True,0.103,134.2,1.64,-1.537,0.819,-2.356,-5.32,-8.16,False,False
Short-term reversal|HK_equity|L60|H1|vol_|liquid_,Short-term reversal,equity_factor,HK_equity,60,1,vol_scaled,liquid_top50pct,B,False,0.564,178.9,2.186,-1.622,0.819,-2.441,-5.62,-8.46,False,False
Delta-hedged option |50ETF_option|L20|H1|equa|all,Delta-hedged option selling,options,50ETF_option,20,1,equal,all,B,True,0.943,223.6,2.609,-1.666,0.819,-2.485,-5.77,-8.61,False,False
Short-term reversal|HK_equity|L60|H1|vol_|ex_smal,Short-term reversal,equity_factor,HK_equity,60,1,vol_scaled,ex_small30,B,False,0.436,178.9,2.186,-1.75,0.819,-2.569,-6.06,-8.9,False,False
Delta-hedged option |300ETF_option|L60|H1|rank|all,Delta-hedged option selling,options,300ETF_option,60,1,rank,all,B,True,0.826,223.6,2.609,-1.783,0.819,-2.602,-6.18,-9.01,False,False
Delta-hedged option |300ETF_option|L250|H1|valu|liquid_,Delta-hedged option selling,options,300ETF_option,250,1,value,liquid_top50pct,B,True,0.686,223.6,2.609,-1.923,0.819,-2.742,-6.66,-9.5,False,False
Delta-hedged option |50ETF_option|L20|H1|rank|top300,Delta-hedged option selling,options,50ETF_option,20,1,rank,top300,B,True,0.634,223.6,2.609,-1.974,0.819,-2.794,-6.84,-9.68,False,False
Delta-hedged option |50ETF_option|L10|H1|equa|ex_smal,Delta-hedged option selling,options,50ETF_option,10,1,equal,ex_small30,B,True,0.607,223.6,2.609,-2.001,0.819,-2.82,-6.93,-9.77,False,False
Delta-hedged option |50ETF_option|L5|H1|equa|liquid_,Delta-hedged option selling,options,50ETF_option,5,1,equal,liquid_top50pct,B,True,0.48,223.6,2.609,-2.129,0.819,-2.948,-7.38,-10.21,False,False
